Level,Area_km2,Volume_million_m3
-208.9,166.77518,4412.9107
-208.91,166.76231,4411.2374
-208.92,166.7494,4409.5642
-208.93,166.73644,4407.8912
-208.94,166.72343,4406.2182
-208.95,166.71038,4404.5453
-208.96,166.69728,4402.8725
-208.97,166.68414,4401.1997
-208.98,166.67096,4399.5271
-208.99,166.65774,4397.8546
-209,166.64448,4396.1821
-209.01,166.63118,4394.5098
-209.02,166.61785,4392.8375
-209.03,166.60447,4391.1654
-209.04,166.59106,4389.4933
-209.05,166.57762,4387.8214
-209.06,166.56414,4386.1495
-209.07,166.55063,4384.4777
-209.08,166.53709,4382.8061
-209.09,166.52352,4381.1345
-209.1,166.50992,4379.4631
-209.11,166.49628,4377.7917
-209.12,166.48263,4376.1204
-209.13,166.46894,4374.4493
-209.14,166.45523,4372.7782
-209.15,166.44149,4371.1073
-209.16,166.42773,4369.4364
-209.17,166.41395,4367.7657
-209.18,166.40014,4366.095
-209.19,166.38632,4364.4245
-209.2,166.37247,4362.7541
-209.21,166.35861,4361.0838
-209.22,166.34473,4359.4136
-209.23,166.33083,4357.7435
-209.24,166.31691,4356.0735
-209.25,166.30298,4354.4037
-209.26,166.28904,4352.7339
-209.27,166.27508,4351.0643
-209.28,166.26112,4349.3947
-209.29,166.24714,4347.7253
-209.3,166.23315,4346.056
-209.31,166.21915,4344.3868
-209.32,166.20514,4342.7177
-209.33,166.19113,4341.0488
-209.34,166.17711,4339.38
-209.35,166.16309,4337.7112
-209.36,166.14906,4336.0426
-209.37,166.13503,4334.3742
-209.38,166.121,4332.7058
-209.39,166.10696,4331.0376
-209.4,166.09293,4329.3695
-209.41,166.0789,4327.7015
-209.42,166.06487,4326.0336
-209.43,166.05084,4324.3659
-209.44,166.03682,4322.6982
-209.45,166.0228,4321.0307
-209.46,166.00879,4319.3634
-209.47,165.99478,4317.6961
-209.48,165.98078,4316.029
-209.49,165.9668,4314.362
-209.5,165.95282,4312.6952
-209.51,165.93885,4311.0285
-209.52,165.92489,4309.3619
-209.53,165.91095,4307.6954
-209.54,165.89702,4306.0291
-209.55,165.88311,4304.3629
-209.56,165.86921,4302.6968
-209.57,165.85533,4301.0309
-209.58,165.84147,4299.3651
-209.59,165.82762,4297.6994
-209.6,165.8138,4296.0339
-209.61,165.79999,4294.3685
-209.62,165.78621,4292.7032
-209.63,165.77245,4291.0381
-209.64,165.75872,4289.3731
-209.65,165.74501,4287.7083
-209.66,165.73132,4286.0436
-209.67,165.71767,4284.3791
-209.68,165.70404,4282.7146
-209.69,165.69044,4281.0504
-209.7,165.67687,4279.3862
-209.71,165.66333,4277.7223
-209.72,165.64982,4276.0584
-209.73,165.63634,4274.3947
-209.74,165.6229,4272.7312
-209.75,165.60949,4271.0678
-209.76,165.59612,4269.4045
-209.77,165.58279,4267.7414
-209.78,165.56949,4266.0785
-209.79,165.55623,4264.4157
-209.8,165.54301,4262.753
-209.81,165.52984,4261.0905
-209.82,165.5167,4259.4282
-209.83,165.50361,4257.766
-209.84,165.49056,4256.1039
-209.85,165.47755,4254.442
-209.86,165.46459,4252.7803
-209.87,165.45168,4251.1187
-209.88,165.43882,4249.4573
-209.89,165.426,4247.796
-209.9,165.41323,4246.1349
-209.91,165.40052,4244.4739
-209.92,165.38785,4242.8131
-209.93,165.37523,4241.1525
-209.94,165.36266,4239.492
-209.95,165.35014,4237.8317
-209.96,165.33766,4236.1715
-209.97,165.32524,4234.5115
-209.98,165.31286,4232.8516
-209.99,165.30053,4231.1919
-210,165.28824,4229.5323
-210.01,165.27601,4227.8729
-210.02,165.26382,4226.2136
-210.03,165.25168,4224.5545
-210.04,165.23958,4222.8955
-210.05,165.22753,4221.2367
-210.06,165.21552,4219.578
-210.07,165.20356,4217.9195
-210.08,165.19165,4216.2611
-210.09,165.17978,4214.6029
-210.1,165.16796,4212.9448
-210.11,165.15618,4211.2869
-210.12,165.14444,4209.6291
-210.13,165.13275,4207.9714
-210.14,165.1211,4206.3139
-210.15,165.1095,4204.6566
-210.16,165.09794,4202.9994
-210.17,165.08642,4201.3423
-210.18,165.07495,4199.6853
-210.19,165.06352,4198.0286
-210.2,165.05213,4196.3719
-210.21,165.04078,4194.7154
-210.22,165.02948,4193.059
-210.23,165.01821,4191.4028
-210.24,165.00699,4189.7467
-210.25,164.99581,4188.0907
-210.26,164.98467,4186.4349
-210.27,164.97357,4184.7792
-210.28,164.96252,4183.1237
-210.29,164.9515,4181.4683
-210.3,164.94052,4179.813
-210.31,164.92958,4178.1579
-210.32,164.91868,4176.5029
-210.33,164.90782,4174.848
-210.34,164.897,4173.1933
-210.35,164.88622,4171.5387
-210.36,164.87548,4169.8842
-210.37,164.86478,4168.2298
-210.38,164.85411,4166.5756
-210.39,164.84348,4164.9215
-210.4,164.83289,4163.2676
-210.41,164.82234,4161.6138
-210.42,164.81182,4159.9601
-210.43,164.80134,4158.3065
-210.44,164.7909,4156.6531
-210.45,164.78049,4154.9997
-210.46,164.77012,4153.3466
-210.47,164.75979,4151.6935
-210.48,164.74949,4150.0406
-210.49,164.73922,4148.3877
-210.5,164.729,4146.7351
-210.51,164.7188,4145.0825
-210.52,164.70865,4143.43
-210.53,164.69852,4141.7777
-210.54,164.68843,4140.1255
-210.55,164.67838,4138.4735
-210.56,164.66835,4136.8215
-210.57,164.65837,4135.1697
-210.58,164.64841,4133.5179
-210.59,164.63849,4131.8663
-210.6,164.6286,4130.2149
-210.61,164.61874,4128.5635
-210.62,164.60892,4126.9123
-210.63,164.59913,4125.2611
-210.64,164.58937,4123.6101
-210.65,164.57964,4121.9592
-210.66,164.56994,4120.3085
-210.67,164.56027,4118.6578
-210.68,164.55064,4117.0072
-210.69,164.54103,4115.3568
-210.7,164.53146,4113.7065
-210.71,164.52192,4112.0563
-210.72,164.5124,4110.4062
-210.73,164.50292,4108.7562
-210.74,164.49346,4107.1063
-210.75,164.48404,4105.4565
-210.76,164.47464,4103.8069
-210.77,164.46527,4102.1573
-210.78,164.45593,4100.5079
-210.79,164.44662,4098.8585
-210.8,164.43733,4097.2093
-210.81,164.42808,4095.5602
-210.82,164.41885,4093.9112
-210.83,164.40965,4092.2623
-210.84,164.40047,4090.6135
-210.85,164.39133,4088.9648
-210.86,164.38221,4087.3162
-210.87,164.37311,4085.6677
-210.88,164.36404,4084.0193
-210.89,164.355,4082.371
-210.9,164.34598,4080.7228
-210.91,164.33699,4079.0747
-210.92,164.32802,4077.4268
-210.93,164.31907,4075.7789
-210.94,164.31013,4074.1311
-210.95,164.30121,4072.4834
-210.96,164.29231,4070.8358
-210.97,164.28342,4069.1884
-210.98,164.27454,4067.541
-210.99,164.26567,4065.8937
-211,164.2568,4064.2465
-211.01,164.24795,4062.5994
-211.02,164.23909,4060.9525
-211.03,164.23023,4059.3056
-211.04,164.22138,4057.6588
-211.05,164.21252,4056.0121
-211.06,164.20366,4054.3655
-211.07,164.19479,4052.719
-211.08,164.18592,4051.0726
-211.09,164.17703,4049.4263
-211.1,164.16813,4047.7801
-211.11,164.15922,4046.134
-211.12,164.15029,4044.488
-211.13,164.14135,4042.8421
-211.14,164.13239,4041.1963
-211.15,164.1234,4039.5506
-211.16,164.1144,4037.9049
-211.17,164.10536,4036.2594
-211.18,164.0963,4034.614
-211.19,164.08722,4032.9686
-211.2,164.0781,4031.3234
-211.21,164.06895,4029.6783
-211.22,164.05977,4028.0332
-211.23,164.05055,4026.3882
-211.24,164.04129,4024.7434
-211.25,164.03199,4023.0986
-211.26,164.02265,4021.4539
-211.27,164.01327,4019.8093
-211.28,164.00384,4018.1648
-211.29,163.99437,4016.5204
-211.3,163.98484,4014.8761
-211.31,163.97527,4013.2319
-211.32,163.96564,4011.5878
-211.33,163.95596,4009.9437
-211.34,163.94622,4008.2998
-211.35,163.93642,4006.6559
-211.36,163.92657,4005.0122
-211.37,163.91665,4003.3685
-211.38,163.90666,4001.7249
-211.39,163.89661,4000.0814
-211.4,163.8865,3998.438
-211.41,163.87631,3996.7947
-211.42,163.86605,3995.1515
-211.43,163.85572,3993.5083
-211.44,163.84531,3991.8653
-211.45,163.83483,3990.2223
-211.46,163.82427,3988.5794
-211.47,163.81363,3986.9367
-211.48,163.8029,3985.294
-211.49,163.79209,3983.6514
-211.5,163.78119,3982.0088
-211.51,163.77021,3980.3664
-211.52,163.75913,3978.724
-211.53,163.74797,3977.0818
-211.54,163.73671,3975.4396
-211.55,163.72535,3973.7975
-211.56,163.7139,3972.1555
-211.57,163.70234,3970.5136
-211.58,163.69069,3968.8718
-211.59,163.67893,3967.23
-211.6,163.66707,3965.5884
-211.61,163.6551,3963.9468
-211.62,163.64302,3962.3053
-211.63,163.63083,3960.6639
-211.64,163.61853,3959.0226
-211.65,163.60612,3957.3813
-211.66,163.59359,3955.7402
-211.67,163.58094,3954.0991
-211.68,163.56817,3952.4581
-211.69,163.55527,3950.8172
-211.7,163.54226,3949.1764
-211.71,163.52912,3947.5356
-211.72,163.51585,3945.895
-211.73,163.50245,3944.2544
-211.74,163.48893,3942.6139
-211.75,163.47526,3940.9735
-211.76,163.46147,3939.3331
-211.77,163.44754,3937.6929
-211.78,163.43346,3936.0527
-211.79,163.41925,3934.4126
-211.8,163.4049,3932.7726
-211.81,163.3904,3931.1326
-211.82,163.37576,3929.4928
-211.83,163.36096,3927.853
-211.84,163.34602,3926.2133
-211.85,163.33093,3924.5737
-211.86,163.31568,3922.9342
-211.87,163.30028,3921.2947
-211.88,163.28472,3919.6553
-211.89,163.269,3918.016
-211.9,163.25312,3916.3768
-211.91,163.23708,3914.7376
-211.92,163.22089,3913.0986
-211.93,163.20454,3911.4596
-211.94,163.18805,3909.8207
-211.95,163.1714,3908.1819
-211.96,163.15462,3906.5431
-211.97,163.13769,3904.9045
-211.98,163.12061,3903.2659
-211.99,163.10341,3901.6275
-212,163.08606,3899.9891
-212.01,163.06859,3898.3508
-212.02,163.05099,3896.7127
-212.03,163.03326,3895.0746
-212.04,163.01541,3893.4366
-212.05,162.99743,3891.7988
-212.06,162.97934,3890.161
-212.07,162.96113,3888.5233
-212.08,162.94281,3886.8858
-212.09,162.92438,3885.2483
-212.1,162.90584,3883.611
-212.11,162.8872,3881.9738
-212.12,162.86845,3880.3366
-212.13,162.8496,3878.6997
-212.14,162.83066,3877.0628
-212.15,162.81162,3875.426
-212.16,162.79249,3873.7894
-212.17,162.77327,3872.1528
-212.18,162.75397,3870.5164
-212.19,162.73458,3868.8802
-212.2,162.71511,3867.244
-212.21,162.69556,3865.608
-212.22,162.67594,3863.9721
-212.23,162.65624,3862.3363
-212.24,162.63647,3860.7007
-212.25,162.61664,3859.0652
-212.26,162.59674,3857.4298
-212.27,162.57678,3855.7946
-212.28,162.55675,3854.1595
-212.29,162.53667,3852.5246
-212.3,162.51654,3850.8898
-212.31,162.49635,3849.2551
-212.32,162.47612,3847.6206
-212.33,162.45584,3845.9863
-212.34,162.43551,3844.352
-212.35,162.41514,3842.718
-212.36,162.39474,3841.0841
-212.37,162.3743,3839.4503
-212.38,162.35382,3837.8167
-212.39,162.33332,3836.1832
-212.4,162.31278,3834.5499
-212.41,162.29223,3832.9168
-212.42,162.27165,3831.2838
-212.43,162.25105,3829.651
-212.44,162.23043,3828.0184
-212.45,162.2098,3826.3859
-212.46,162.18915,3824.7536
-212.47,162.1685,3823.1215
-212.48,162.14784,3821.4895
-212.49,162.12718,3819.8577
-212.5,162.10651,3818.2261
-212.51,162.08585,3816.5946
-212.52,162.06519,3814.9634
-212.53,162.04454,3813.3323
-212.54,162.02389,3811.7014
-212.55,162.00326,3810.0706
-212.56,161.98265,3808.4401
-212.57,161.96205,3806.8097
-212.58,161.94147,3805.1796
-212.59,161.92091,3803.5496
-212.6,161.90038,3801.9198
-212.61,161.87988,3800.2902
-212.62,161.85941,3798.6608
-212.63,161.83897,3797.0316
-212.64,161.81857,3795.4026
-212.65,161.7982,3793.7738
-212.66,161.77788,3792.1452
-212.67,161.7576,3790.5167
-212.68,161.73737,3788.8885
-212.69,161.71719,3787.2605
-212.7,161.69706,3785.6327
-212.71,161.67698,3784.0051
-212.72,161.65696,3782.3778
-212.73,161.637,3780.7506
-212.74,161.61711,3779.1236
-212.75,161.59728,3777.4969
-212.76,161.57751,3775.8704
-212.77,161.55782,3774.2441
-212.78,161.5382,3772.618
-212.79,161.51866,3770.9921
-212.8,161.4992,3769.3665
-212.81,161.47982,3767.7411
-212.82,161.46052,3766.1159
-212.83,161.4413,3764.4909
-212.84,161.42218,3762.8662
-212.85,161.40315,3761.2417
-212.86,161.38421,3759.6174
-212.87,161.36538,3757.9934
-212.88,161.34664,3756.3696
-212.89,161.328,3754.746
-212.9,161.30947,3753.1227
-212.91,161.29104,3751.4996
-212.92,161.27272,3749.8767
-212.93,161.2545,3748.2541
-212.94,161.23638,3746.6317
-212.95,161.21836,3745.0096
-212.96,161.20044,3743.3877
-212.97,161.18263,3741.766
-212.98,161.16491,3740.1445
-212.99,161.14729,3738.5233
-213,161.12976,3736.9023
-213.01,161.11234,3735.2815
-213.02,161.09501,3733.661
-213.03,161.07777,3732.0407
-213.04,161.06063,3730.4206
-213.05,161.04358,3728.8007
-213.06,161.02663,3727.1811
-213.07,161.00976,3725.5616
-213.08,160.99299,3723.9424
-213.09,160.97631,3722.3234
-213.1,160.95972,3720.7047
-213.11,160.94321,3719.0861
-213.12,160.9268,3717.4678
-213.13,160.91047,3715.8496
-213.14,160.89422,3714.2317
-213.15,160.87806,3712.614
-213.16,160.86199,3710.9965
-213.17,160.846,3709.3793
-213.18,160.8301,3707.7622
-213.19,160.81427,3706.1453
-213.2,160.79853,3704.5287
-213.21,160.78287,3702.9122
-213.22,160.76729,3701.296
-213.23,160.75179,3699.6799
-213.24,160.73636,3698.0641
-213.25,160.72102,3696.4485
-213.26,160.70575,3694.833
-213.27,160.69055,3693.2178
-213.28,160.67543,3691.6028
-213.29,160.66039,3689.9879
-213.3,160.64542,3688.3733
-213.31,160.63052,3686.7588
-213.32,160.6157,3685.1446
-213.33,160.60094,3683.5305
-213.34,160.58626,3681.9167
-213.35,160.57164,3680.303
-213.36,160.5571,3678.6895
-213.37,160.54262,3677.0762
-213.38,160.52821,3675.4631
-213.39,160.51387,3673.8502
-213.4,160.49959,3672.2374
-213.41,160.48538,3670.6249
-213.42,160.47123,3669.0125
-213.43,160.45714,3667.4003
-213.44,160.44312,3665.7883
-213.45,160.42916,3664.1765
-213.46,160.41526,3662.5649
-213.47,160.40142,3660.9534
-213.48,160.38764,3659.3421
-213.49,160.37392,3657.731
-213.5,160.36025,3656.1201
-213.51,160.34665,3654.5093
-213.52,160.33309,3652.8987
-213.53,160.3196,3651.2883
-213.54,160.30616,3649.6781
-213.55,160.29277,3648.068
-213.56,160.27944,3646.4581
-213.57,160.26616,3644.8483
-213.58,160.25292,3643.2388
-213.59,160.23975,3641.6294
-213.6,160.22662,3640.0201
-213.61,160.21353,3638.411
-213.62,160.2005,3636.8021
-213.63,160.18752,3635.1934
-213.64,160.17458,3633.5848
-213.65,160.16169,3631.9763
-213.66,160.14884,3630.3681
-213.67,160.13604,3628.7599
-213.68,160.12328,3627.152
-213.69,160.11056,3625.5442
-213.7,160.09789,3623.9365
-213.71,160.08525,3622.329
-213.72,160.07266,3620.7217
-213.73,160.06011,3619.1145
-213.74,160.04759,3617.5074
-213.75,160.03512,3615.9005
-213.76,160.02268,3614.2938
-213.77,160.01028,3612.6872
-213.78,159.99791,3611.0807
-213.79,159.98558,3609.4744
-213.8,159.97328,3607.8682
-213.81,159.96101,3606.2622
-213.82,159.94878,3604.6563
-213.83,159.93658,3603.0506
-213.84,159.92441,3601.445
-213.85,159.91227,3599.8395
-213.86,159.90016,3598.2342
-213.87,159.88808,3596.629
-213.88,159.87603,3595.0239
-213.89,159.864,3593.419
-213.9,159.852,3591.8142
-213.91,159.84002,3590.2095
-213.92,159.82807,3588.605
-213.93,159.81614,3587.0006
-213.94,159.80423,3585.3964
-213.95,159.79234,3583.7922
-213.96,159.78046,3582.1882
-213.97,159.76861,3580.5844
-213.98,159.75677,3578.9806
-213.99,159.74494,3577.377
-214,159.73312,3575.7735
-214.01,159.72132,3574.1702
-214.02,159.70952,3572.567
-214.03,159.69773,3570.9639
-214.04,159.68595,3569.3609
-214.05,159.67418,3567.7581
-214.06,159.6624,3566.1554
-214.07,159.65063,3564.5528
-214.08,159.63887,3562.9504
-214.09,159.6271,3561.3481
-214.1,159.61533,3559.7459
-214.11,159.60355,3558.1438
-214.12,159.59178,3556.5419
-214.13,159.57999,3554.9401
-214.14,159.5682,3553.3384
-214.15,159.5564,3551.7368
-214.16,159.54459,3550.1354
-214.17,159.53277,3548.5341
-214.18,159.52093,3546.9329
-214.19,159.50908,3545.3319
-214.2,159.49722,3543.731
-214.21,159.48534,3542.1302
-214.22,159.47344,3540.5295
-214.23,159.46152,3538.9289
-214.24,159.44958,3537.3285
-214.25,159.43761,3535.7282
-214.26,159.42563,3534.128
-214.27,159.41361,3532.528
-214.28,159.40157,3530.928
-214.29,159.3895,3529.3282
-214.3,159.37741,3527.7285
-214.31,159.36528,3526.129
-214.32,159.35312,3524.5295
-214.33,159.34092,3522.9302
-214.34,159.32869,3521.331
-214.35,159.31642,3519.7319
-214.36,159.30412,3518.133
-214.37,159.29177,3516.5342
-214.38,159.27939,3514.9354
-214.39,159.26696,3513.3368
-214.4,159.25449,3511.7384
-214.41,159.24197,3510.14
-214.42,159.22941,3508.5418
-214.43,159.2168,3506.9437
-214.44,159.20414,3505.3457
-214.45,159.19143,3503.7478
-214.46,159.17867,3502.15
-214.47,159.16586,3500.5524
-214.48,159.15299,3498.9549
-214.49,159.14006,3497.3575
-214.5,159.12708,3495.7602
-214.51,159.11403,3494.163
-214.52,159.10093,3492.566
-214.53,159.08777,3490.969
-214.54,159.07454,3489.3722
-214.55,159.06125,3487.7755
-214.56,159.04789,3486.1789
-214.57,159.03447,3484.5825
-214.58,159.02097,3482.9861
-214.59,159.00741,3481.3899
-214.6,158.99377,3479.7937
-214.61,158.98007,3478.1977
-214.62,158.96628,3476.6018
-214.63,158.95243,3475.006
-214.64,158.93849,3473.4104
-214.65,158.92448,3471.8148
-214.66,158.91038,3470.2194
-214.67,158.89621,3468.6241
-214.68,158.88195,3467.0288
-214.69,158.86761,3465.4337
-214.7,158.85319,3463.8388
-214.71,158.83867,3462.2439
-214.72,158.82407,3460.6491
-214.73,158.80938,3459.0545
-214.74,158.7946,3457.4599
-214.75,158.77972,3455.8655
-214.76,158.76475,3454.2712
-214.77,158.74969,3452.677
-214.78,158.73453,3451.0829
-214.79,158.71927,3449.4889
-214.8,158.70392,3447.895
-214.81,158.68846,3446.3012
-214.82,158.6729,3444.7076
-214.83,158.65723,3443.114
-214.84,158.64147,3441.5206
-214.85,158.62559,3439.9272
-214.86,158.60961,3438.334
-214.87,158.59352,3436.7409
-214.88,158.57731,3435.1479
-214.89,158.561,3433.555
-214.9,158.54457,3431.9622
-214.91,158.52803,3430.3695
-214.92,158.51138,3428.7769
-214.93,158.49463,3427.1845
-214.94,158.47776,3425.5921
-214.95,158.46079,3423.9999
-214.96,158.44371,3422.4078
-214.97,158.42653,3420.8158
-214.98,158.40925,3419.2239
-214.99,158.39187,3417.6321
-215,158.37439,3416.0404
-215.01,158.35681,3414.4489
-215.02,158.33913,3412.8575
-215.03,158.32137,3411.2662
-215.04,158.3035,3409.675
-215.05,158.28555,3408.084
-215.06,158.2675,3406.493
-215.07,158.24937,3404.9022
-215.08,158.23115,3403.3116
-215.09,158.21284,3401.721
-215.1,158.19445,3400.1306
-215.11,158.17598,3398.5403
-215.12,158.15742,3396.9502
-215.13,158.13879,3395.3602
-215.14,158.12007,3393.7703
-215.15,158.10128,3392.1806
-215.16,158.08241,3390.591
-215.17,158.06347,3389.0015
-215.18,158.04445,3387.4122
-215.19,158.02537,3385.823
-215.2,158.00621,3384.2339
-215.21,157.98698,3382.645
-215.22,157.96769,3381.0563
-215.23,157.94833,3379.4676
-215.24,157.9289,3377.8792
-215.25,157.90942,3376.2908
-215.26,157.88987,3374.7027
-215.27,157.87026,3373.1146
-215.28,157.85059,3371.5268
-215.29,157.83087,3369.939
-215.3,157.81109,3368.3515
-215.31,157.79125,3366.764
-215.32,157.77137,3365.1768
-215.33,157.75143,3363.5897
-215.34,157.73144,3362.0027
-215.35,157.7114,3360.4159
-215.36,157.69131,3358.8293
-215.37,157.67118,3357.2428
-215.38,157.65101,3355.6565
-215.39,157.63079,3354.0703
-215.4,157.61053,3352.4843
-215.41,157.59023,3350.8985
-215.42,157.56989,3349.3129
-215.43,157.54952,3347.7274
-215.44,157.52911,3346.142
-215.45,157.50866,3344.5569
-215.46,157.48819,3342.9719
-215.47,157.46768,3341.3871
-215.48,157.44714,3339.8025
-215.49,157.42657,3338.218
-215.5,157.40597,3336.6337
-215.51,157.38535,3335.0496
-215.52,157.36471,3333.4657
-215.53,157.34404,3331.8819
-215.54,157.32335,3330.2983
-215.55,157.30265,3328.7149
-215.56,157.28192,3327.1317
-215.57,157.26118,3325.5487
-215.58,157.24042,3323.9658
-215.59,157.21964,3322.3832
-215.6,157.19886,3320.8007
-215.61,157.17806,3319.2184
-215.62,157.15725,3317.6363
-215.63,157.13644,3316.0544
-215.64,157.11561,3314.4727
-215.65,157.09479,3312.8912
-215.66,157.07395,3311.3098
-215.67,157.05312,3309.7287
-215.68,157.03228,3308.1477
-215.69,157.01145,3306.567
-215.7,156.99061,3304.9864
-215.71,156.96978,3303.4061
-215.72,156.94896,3301.8259
-215.73,156.92814,3300.246
-215.74,156.90732,3298.6662
-215.75,156.88652,3297.0867
-215.76,156.86573,3295.5073
-215.77,156.84494,3293.9282
-215.78,156.82417,3292.3493
-215.79,156.80342,3290.7705
-215.8,156.78268,3289.192
-215.81,156.76196,3287.6137
-215.82,156.74126,3286.0356
-215.83,156.72058,3284.4578
-215.84,156.69992,3282.8801
-215.85,156.67928,3281.3026
-215.86,156.65867,3279.7254
-215.87,156.63809,3278.1484
-215.88,156.61753,3276.5716
-215.89,156.597,3274.995
-215.9,156.5765,3273.4186
-215.91,156.55603,3271.8425
-215.92,156.5356,3270.2666
-215.93,156.51519,3268.6909
-215.94,156.49481,3267.1154
-215.95,156.47446,3265.5401
-215.96,156.45415,3263.9651
-215.97,156.43386,3262.3902
-215.98,156.4136,3260.8156
-215.99,156.39338,3259.2412
-216,156.37318,3257.667
-216.01,156.35302,3256.0931
-216.02,156.33288,3254.5193
-216.03,156.31278,3252.9458
-216.04,156.2927,3251.3725
-216.05,156.27265,3249.7994
-216.06,156.25264,3248.2265
-216.07,156.23265,3246.6539
-216.08,156.2127,3245.0814
-216.09,156.19277,3243.5092
-216.1,156.17288,3241.9371
-216.11,156.15301,3240.3653
-216.12,156.13317,3238.7937
-216.13,156.11337,3237.2223
-216.14,156.09359,3235.6512
-216.15,156.07384,3234.0802
-216.16,156.05413,3232.5095
-216.17,156.03444,3230.9389
-216.18,156.01478,3229.3686
-216.19,155.99515,3227.7985
-216.2,155.97555,3226.2286
-216.21,155.95598,3224.6589
-216.22,155.93644,3223.0894
-216.23,155.91693,3221.5202
-216.24,155.89745,3219.9511
-216.25,155.878,3218.3823
-216.26,155.85858,3216.8136
-216.27,155.83919,3215.2452
-216.28,155.81982,3213.677
-216.29,155.80049,3212.109
-216.3,155.78118,3210.5412
-216.31,155.76191,3208.9736
-216.32,155.74266,3207.4062
-216.33,155.72344,3205.839
-216.34,155.70426,3204.272
-216.35,155.6851,3202.7052
-216.36,155.66597,3201.1387
-216.37,155.64687,3199.5723
-216.38,155.6278,3198.0062
-216.39,155.60875,3196.4402
-216.4,155.58974,3194.8745
-216.41,155.57076,3193.3089
-216.42,155.5518,3191.7436
-216.43,155.53287,3190.1785
-216.44,155.51398,3188.6136
-216.45,155.49511,3187.0488
-216.46,155.47627,3185.4843
-216.47,155.45745,3183.92
-216.48,155.43867,3182.3559
-216.49,155.41992,3180.792
-216.5,155.40119,3179.2283
-216.51,155.3825,3177.6648
-216.52,155.36383,3176.1015
-216.53,155.34519,3174.5384
-216.54,155.32658,3172.9755
-216.55,155.308,3171.4128
-216.56,155.28944,3169.8502
-216.57,155.27092,3168.2879
-216.58,155.25242,3166.7258
-216.59,155.23395,3165.1639
-216.6,155.21551,3163.6022
-216.61,155.1971,3162.0407
-216.62,155.17872,3160.4794
-216.63,155.16037,3158.9183
-216.64,155.14204,3157.3574
-216.65,155.12374,3155.7967
-216.66,155.10547,3154.2362
-216.67,155.08723,3152.6759
-216.68,155.06902,3151.1157
-216.69,155.05083,3149.5558
-216.7,155.03268,3147.9961
-216.71,155.01455,3146.4365
-216.72,154.99645,3144.8772
-216.73,154.97837,3143.318
-216.74,154.96033,3141.7591
-216.75,154.94231,3140.2003
-216.76,154.92432,3138.6418
-216.77,154.90636,3137.0834
-216.78,154.88843,3135.5252
-216.79,154.87052,3133.9673
-216.8,154.85265,3132.4095
-216.81,154.8348,3130.8519
-216.82,154.81698,3129.2945
-216.83,154.79918,3127.7373
-216.84,154.78142,3126.1802
-216.85,154.76368,3124.6234
-216.86,154.74597,3123.0668
-216.87,154.72828,3121.5103
-216.88,154.71063,3119.9541
-216.89,154.693,3118.398
-216.9,154.6754,3116.8421
-216.91,154.65783,3115.2864
-216.92,154.64028,3113.7309
-216.93,154.62276,3112.1756
-216.94,154.60526,3110.6205
-216.95,154.58779,3109.0656
-216.96,154.57035,3107.5108
-216.97,154.55292,3105.9563
-216.98,154.53552,3104.4019
-216.99,154.51815,3102.8477
-217,154.50079,3101.2938
-217.01,154.48346,3099.7399
-217.02,154.46614,3098.1863
-217.03,154.44885,3096.6329
-217.04,154.43158,3095.0797
-217.05,154.41433,3093.5266
-217.06,154.39709,3091.9737
-217.07,154.37988,3090.421
-217.08,154.36268,3088.8685
-217.09,154.3455,3087.3162
-217.1,154.32833,3085.7641
-217.11,154.31119,3084.2121
-217.12,154.29405,3082.6604
-217.13,154.27694,3081.1088
-217.14,154.25983,3079.5574
-217.15,154.24274,3078.0062
-217.16,154.22567,3076.4551
-217.17,154.2086,3074.9043
-217.18,154.19155,3073.3536
-217.19,154.17451,3071.8031
-217.2,154.15748,3070.2528
-217.21,154.14046,3068.7027
-217.22,154.12346,3067.1527
-217.23,154.10646,3065.603
-217.24,154.08947,3064.0534
-217.25,154.07249,3062.504
-217.26,154.05551,3060.9548
-217.27,154.03855,3059.4057
-217.28,154.02159,3057.8569
-217.29,154.00463,3056.3082
-217.3,153.98769,3054.7597
-217.31,153.97074,3053.2114
-217.32,153.95381,3051.6632
-217.33,153.93687,3050.1152
-217.34,153.91994,3048.5675
-217.35,153.90301,3047.0198
-217.36,153.88609,3045.4724
-217.37,153.86917,3043.9252
-217.38,153.85224,3042.3781
-217.39,153.83532,3040.8312
-217.4,153.8184,3039.2844
-217.41,153.80148,3037.7379
-217.42,153.78455,3036.1915
-217.43,153.76763,3034.6453
-217.44,153.7507,3033.0993
-217.45,153.73377,3031.5534
-217.46,153.71684,3030.0078
-217.47,153.69991,3028.4623
-217.48,153.68297,3026.9169
-217.49,153.66602,3025.3718
-217.5,153.64907,3023.8268
-217.51,153.63212,3022.282
-217.52,153.61515,3020.7373
-217.53,153.59818,3019.1929
-217.54,153.58121,3017.6486
-217.55,153.56422,3016.1045
-217.56,153.54723,3014.5605
-217.57,153.53022,3013.0168
-217.58,153.51321,3011.4732
-217.59,153.49619,3009.9297
-217.6,153.47915,3008.3865
-217.61,153.46211,3006.8434
-217.62,153.44505,3005.3005
-217.63,153.42798,3003.7577
-217.64,153.4109,3002.2151
-217.65,153.3938,3000.6727
-217.66,153.37669,2999.1305
-217.67,153.35957,2997.5884
-217.68,153.34243,2996.0465
-217.69,153.32527,2994.5048
-217.7,153.3081,2992.9632
-217.71,153.29091,2991.4218
-217.72,153.2737,2989.8806
-217.73,153.25648,2988.3395
-217.74,153.23924,2986.7986
-217.75,153.22197,2985.2579
-217.76,153.20469,2983.7173
-217.77,153.18739,2982.1769
-217.78,153.17007,2980.6367
-217.79,153.15273,2979.0966
-217.8,153.13536,2977.5567
-217.81,153.11797,2976.017
-217.82,153.10056,2974.4774
-217.83,153.08313,2972.938
-217.84,153.06567,2971.3988
-217.85,153.04819,2969.8597
-217.86,153.03068,2968.3208
-217.87,153.01315,2966.782
-217.88,152.99559,2965.2434
-217.89,152.978,2963.705
-217.9,152.96039,2962.1667
-217.91,152.94275,2960.6286
-217.92,152.92508,2959.0907
-217.93,152.90739,2957.5529
-217.94,152.88967,2956.0153
-217.95,152.87193,2954.4779
-217.96,152.85417,2952.9406
-217.97,152.83638,2951.4035
-217.98,152.81857,2949.8665
-217.99,152.80074,2948.3297
-218,152.78288,2946.7931
-218.01,152.76501,2945.2567
-218.02,152.74711,2943.7204
-218.03,152.7292,2942.1842
-218.04,152.71127,2940.6483
-218.05,152.69332,2939.1125
-218.06,152.67535,2937.5769
-218.07,152.65736,2936.0414
-218.08,152.63936,2934.5061
-218.09,152.62134,2932.971
-218.1,152.6033,2931.436
-218.11,152.58525,2929.9013
-218.12,152.56719,2928.3666
-218.13,152.54911,2926.8322
-218.14,152.53102,2925.2979
-218.15,152.51292,2923.7638
-218.16,152.4948,2922.2299
-218.17,152.47667,2920.6961
-218.18,152.45854,2919.1625
-218.19,152.44039,2917.6291
-218.2,152.42223,2916.0958
-218.21,152.40407,2914.5627
-218.22,152.38589,2913.0298
-218.23,152.36771,2911.497
-218.24,152.34952,2909.9645
-218.25,152.33132,2908.4321
-218.26,152.31312,2906.8998
-218.27,152.29491,2905.3678
-218.28,152.2767,2903.8359
-218.29,152.25848,2902.3042
-218.3,152.24026,2900.7726
-218.31,152.22204,2899.2413
-218.32,152.20381,2897.7101
-218.33,152.18559,2896.1791
-218.34,152.16736,2894.6482
-218.35,152.14913,2893.1175
-218.36,152.1309,2891.587
-218.37,152.11267,2890.0567
-218.38,152.09444,2888.5266
-218.39,152.07621,2886.9966
-218.4,152.05799,2885.4668
-218.41,152.03977,2883.9372
-218.42,152.02155,2882.4078
-218.43,152.00333,2880.8785
-218.44,151.98512,2879.3494
-218.45,151.96692,2877.8205
-218.46,151.94872,2876.2918
-218.47,151.93053,2874.7632
-218.48,151.91234,2873.2348
-218.49,151.89416,2871.7066
-218.5,151.87599,2870.1786
-218.51,151.85783,2868.6508
-218.52,151.83968,2867.1231
-218.53,151.82154,2865.5956
-218.54,151.80341,2864.0683
-218.55,151.78529,2862.5412
-218.56,151.76718,2861.0143
-218.57,151.74908,2859.4875
-218.58,151.731,2857.9609
-218.59,151.71293,2856.4345
-218.6,151.69487,2854.9083
-218.61,151.67683,2853.3823
-218.62,151.6588,2851.8564
-218.63,151.64079,2850.3307
-218.64,151.6228,2848.8053
-218.65,151.60482,2847.2799
-218.66,151.58686,2845.7548
-218.67,151.56892,2844.2299
-218.68,151.551,2842.7051
-218.69,151.5331,2841.1805
-218.7,151.51521,2839.6562
-218.71,151.49735,2838.1319
-218.72,151.47951,2836.6079
-218.73,151.46169,2835.0841
-218.74,151.44389,2833.5604
-218.75,151.42611,2832.037
-218.76,151.40836,2830.5137
-218.77,151.39064,2828.9906
-218.78,151.37293,2827.4677
-218.79,151.35526,2825.9449
-218.8,151.3376,2824.4224
-218.81,151.31998,2822.9001
-218.82,151.30238,2821.3779
-218.83,151.28481,2819.8559
-218.84,151.26727,2818.3341
-218.85,151.24975,2816.8125
-218.86,151.23227,2815.2911
-218.87,151.21482,2813.7699
-218.88,151.19739,2812.2488
-218.89,151.18,2810.728
-218.9,151.16264,2809.2073
-218.91,151.14531,2807.6869
-218.92,151.128,2806.1666
-218.93,151.11073,2804.6465
-218.94,151.09348,2803.1266
-218.95,151.07625,2801.6069
-218.96,151.05904,2800.0873
-218.97,151.04185,2798.568
-218.98,151.02468,2797.0488
-218.99,151.00753,2795.5299
-219,150.99039,2794.0111
-219.01,150.97327,2792.4925
-219.02,150.95615,2790.9741
-219.03,150.93904,2789.4559
-219.04,150.92195,2787.9378
-219.05,150.90485,2786.42
-219.06,150.88777,2784.9023
-219.07,150.87068,2783.3848
-219.08,150.85359,2781.8675
-219.09,150.83651,2780.3504
-219.1,150.81942,2778.8334
-219.11,150.80232,2777.3167
-219.12,150.78522,2775.8001
-219.13,150.76812,2774.2837
-219.14,150.751,2772.7675
-219.15,150.73387,2771.2515
-219.16,150.71673,2769.7356
-219.17,150.69957,2768.2199
-219.18,150.68239,2766.7045
-219.19,150.6652,2765.1892
-219.2,150.64799,2763.674
-219.21,150.63075,2762.1591
-219.22,150.6135,2760.6443
-219.23,150.59621,2759.1297
-219.24,150.5789,2757.6153
-219.25,150.56156,2756.1011
-219.26,150.54419,2754.587
-219.27,150.52679,2753.0732
-219.28,150.50936,2751.5595
-219.29,150.49188,2750.0459
-219.3,150.47438,2748.5326
-219.31,150.45683,2747.0194
-219.32,150.43924,2745.5064
-219.33,150.42161,2743.9936
-219.34,150.40393,2742.481
-219.35,150.38621,2740.9685
-219.36,150.36844,2739.4562
-219.37,150.35062,2737.9441
-219.38,150.33275,2736.4322
-219.39,150.31483,2734.9204
-219.4,150.29685,2733.4088
-219.41,150.27882,2731.8974
-219.42,150.26072,2730.3861
-219.43,150.24257,2728.8751
-219.44,150.22436,2727.3641
-219.45,150.20608,2725.8534
-219.46,150.18774,2724.3429
-219.47,150.16933,2722.8325
-219.48,150.15085,2721.3223
-219.49,150.13231,2719.8122
-219.5,150.11369,2718.3023
-219.51,150.09499,2716.7926
-219.52,150.07623,2715.2831
-219.53,150.05738,2713.7737
-219.54,150.03846,2712.2645
-219.55,150.01945,2710.7555
-219.56,150.00036,2709.2467
-219.57,149.98119,2707.738
-219.58,149.96194,2706.2295
-219.59,149.94259,2704.7211
-219.6,149.92316,2703.2129
-219.61,149.90363,2701.7049
-219.62,149.88402,2700.197
-219.63,149.8643,2698.6894
-219.64,149.8445,2697.1818
-219.65,149.82459,2695.6745
-219.66,149.80458,2694.1673
-219.67,149.78448,2692.6603
-219.68,149.76427,2691.1534
-219.69,149.74395,2689.6467
-219.7,149.72353,2688.1402
-219.71,149.703,2686.6338
-219.72,149.68236,2685.1276
-219.73,149.66161,2683.6216
-219.74,149.64075,2682.1157
-219.75,149.61977,2680.61
-219.76,149.59867,2679.1045
-219.77,149.57746,2677.5991
-219.78,149.55612,2676.0939
-219.79,149.53467,2674.5888
-219.8,149.51308,2673.0839
-219.81,149.49138,2671.5792
-219.82,149.46954,2670.0746
-219.83,149.44758,2668.5702
-219.84,149.42549,2667.0659
-219.85,149.40326,2665.5618
-219.86,149.3809,2664.0579
-219.87,149.35841,2662.5541
-219.88,149.33577,2661.0505
-219.89,149.313,2659.547
-219.9,149.29009,2658.0437
-219.91,149.26704,2656.5406
-219.92,149.24385,2655.0376
-219.93,149.22053,2653.5347
-219.94,149.19708,2652.0321
-219.95,149.1735,2650.5296
-219.96,149.1498,2649.0273
-219.97,149.12598,2647.5251
-219.98,149.10203,2646.0231
-219.99,149.07797,2644.5213
-220,149.0538,2643.0197
-220.01,149.02952,2641.5182
-220.02,149.00512,2640.0169
-220.03,148.98063,2638.5158
-220.04,148.95603,2637.0148
-220.05,148.93133,2635.5141
-220.06,148.90653,2634.0135
-220.07,148.88164,2632.5131
-220.08,148.85665,2631.0129
-220.09,148.83158,2629.5128
-220.1,148.80642,2628.013
-220.11,148.78118,2626.5133
-220.12,148.75585,2625.0139
-220.13,148.73045,2623.5146
-220.14,148.70498,2622.0155
-220.15,148.67943,2620.5166
-220.16,148.65381,2619.0179
-220.17,148.62812,2617.5194
-220.18,148.60237,2616.0211
-220.19,148.57656,2614.523
-220.2,148.55069,2613.0251
-220.21,148.52476,2611.5274
-220.22,148.49878,2610.0299
-220.23,148.47275,2608.5326
-220.24,148.44667,2607.0355
-220.25,148.42055,2605.5386
-220.26,148.39438,2604.0419
-220.27,148.36817,2602.5455
-220.28,148.34193,2601.0492
-220.29,148.31565,2599.5532
-220.3,148.28934,2598.0574
-220.31,148.26301,2596.5618
-220.32,148.23664,2595.0664
-220.33,148.21025,2593.5712
-220.34,148.18385,2592.0762
-220.35,148.15742,2590.5815
-220.36,148.13098,2589.087
-220.37,148.10453,2587.5927
-220.38,148.07807,2586.0987
-220.39,148.0516,2584.6048
-220.4,148.02512,2583.1112
-220.41,147.99865,2581.6179
-220.42,147.97218,2580.1247
-220.43,147.94571,2578.6318
-220.44,147.91925,2577.1391
-220.45,147.89279,2575.6467
-220.46,147.86635,2574.1545
-220.47,147.83993,2572.6625
-220.48,147.81352,2571.1708
-220.49,147.78714,2569.6793
-220.5,147.76077,2568.1881
-220.51,147.73444,2566.6971
-220.52,147.70813,2565.2063
-220.53,147.68185,2563.7158
-220.54,147.65561,2562.2256
-220.55,147.6294,2560.7356
-220.56,147.60324,2559.2458
-220.57,147.57711,2557.7563
-220.58,147.55103,2556.2671
-220.59,147.525,2554.7781
-220.6,147.49903,2553.2894
-220.61,147.4731,2551.8009
-220.62,147.44723,2550.3127
-220.63,147.42142,2548.8247
-220.64,147.39567,2547.337
-220.65,147.36999,2545.8496
-220.66,147.34437,2544.3624
-220.67,147.31882,2542.8755
-220.68,147.29335,2541.3889
-220.69,147.26795,2539.9025
-220.7,147.24262,2538.4164
-220.71,147.21738,2536.9306
-220.72,147.19223,2535.4451
-220.73,147.16716,2533.9598
-220.74,147.14217,2532.4748
-220.75,147.11728,2530.9901
-220.76,147.09249,2529.5056
-220.77,147.06779,2528.0215
-220.78,147.04319,2526.5376
-220.79,147.0187,2525.054
-220.8,146.99431,2523.5707
-220.81,146.97003,2522.0877
-220.82,146.94586,2520.605
-220.83,146.9218,2519.1225
-220.84,146.89786,2517.6404
-220.85,146.87404,2516.1585
-220.86,146.85034,2514.6769
-220.87,146.82676,2513.1957
-220.88,146.80332,2511.7147
-220.89,146.78,2510.234
-220.9,146.75682,2508.7536
-220.91,146.73376,2507.2735
-220.92,146.71083,2505.7937
-220.93,146.68803,2504.3143
-220.94,146.66536,2502.8351
-220.95,146.6428,2501.3561
-220.96,146.62036,2499.8775
-220.97,146.59804,2498.3992
-220.98,146.57583,2496.9212
-220.99,146.55373,2495.4434
-221,146.53175,2493.9659
-221.01,146.50986,2492.4888
-221.02,146.48809,2491.0119
-221.03,146.46641,2489.5353
-221.04,146.44483,2488.0589
-221.05,146.42335,2486.5829
-221.06,146.40197,2485.1071
-221.07,146.38067,2483.6316
-221.08,146.35947,2482.1563
-221.09,146.33835,2480.6814
-221.1,146.31732,2479.2067
-221.11,146.29637,2477.7323
-221.12,146.2755,2476.2582
-221.13,146.2547,2474.7843
-221.14,146.23399,2473.3107
-221.15,146.21334,2471.8373
-221.16,146.19277,2470.3643
-221.17,146.17226,2468.8914
-221.18,146.15182,2467.4189
-221.19,146.13144,2465.9466
-221.2,146.11112,2464.4746
-221.21,146.09086,2463.0028
-221.22,146.07066,2461.5313
-221.23,146.05051,2460.06
-221.24,146.03041,2458.589
-221.25,146.01036,2457.1182
-221.26,145.99035,2455.6477
-221.27,145.97039,2454.1775
-221.28,145.95047,2452.7075
-221.29,145.93059,2451.2377
-221.3,145.91075,2449.7682
-221.31,145.89094,2448.2989
-221.32,145.87116,2446.8299
-221.33,145.85141,2445.3611
-221.34,145.83169,2443.8926
-221.35,145.812,2442.4243
-221.36,145.79232,2440.9562
-221.37,145.77267,2439.4884
-221.38,145.75303,2438.0208
-221.39,145.7334,2436.5534
-221.4,145.71379,2435.0863
-221.41,145.69419,2433.6194
-221.42,145.6746,2432.1527
-221.43,145.65501,2430.6863
-221.44,145.63543,2429.22
-221.45,145.61584,2427.7541
-221.46,145.59626,2426.2883
-221.47,145.57667,2424.8228
-221.48,145.55707,2423.3574
-221.49,145.53746,2421.8923
-221.5,145.51784,2420.4275
-221.51,145.49821,2418.9628
-221.52,145.47856,2417.4983
-221.53,145.4589,2416.0341
-221.54,145.43921,2414.5701
-221.55,145.41949,2413.1063
-221.56,145.39976,2411.6427
-221.57,145.37999,2410.1793
-221.58,145.36019,2408.7162
-221.59,145.34036,2407.2532
-221.6,145.32049,2405.7904
-221.61,145.30059,2404.3279
-221.62,145.28064,2402.8655
-221.63,145.26065,2401.4034
-221.64,145.24062,2399.9414
-221.65,145.22054,2398.4797
-221.66,145.20041,2397.0181
-221.67,145.18022,2395.5568
-221.68,145.15998,2394.0956
-221.69,145.13969,2392.6346
-221.7,145.11933,2391.1739
-221.71,145.09891,2389.7133
-221.72,145.07843,2388.2529
-221.73,145.05788,2386.7927
-221.74,145.03726,2385.3327
-221.75,145.01657,2383.8728
-221.76,144.9958,2382.4132
-221.77,144.97496,2380.9537
-221.78,144.95404,2379.4945
-221.79,144.93304,2378.0354
-221.8,144.91195,2376.5764
-221.81,144.89078,2375.1177
-221.82,144.86952,2373.6591
-221.83,144.84816,2372.2007
-221.84,144.82672,2370.7425
-221.85,144.80518,2369.2845
-221.86,144.78353,2367.8266
-221.87,144.76179,2366.3689
-221.88,144.73995,2364.9114
-221.89,144.718,2363.454
-221.9,144.69594,2361.9968
-221.91,144.67378,2360.5398
-221.92,144.6515,2359.0829
-221.93,144.62912,2357.6262
-221.94,144.60664,2356.1697
-221.95,144.58404,2354.7133
-221.96,144.56134,2353.2572
-221.97,144.53853,2351.8011
-221.98,144.51561,2350.3453
-221.99,144.49259,2348.8897
-222,144.46946,2347.4342
-222.01,144.44622,2345.9789
-222.02,144.42287,2344.5238
-222.03,144.39942,2343.0688
-222.04,144.37586,2341.6141
-222.05,144.3522,2340.1595
-222.06,144.32843,2338.7051
-222.07,144.30455,2337.2509
-222.08,144.28057,2335.7968
-222.09,144.25648,2334.343
-222.1,144.23229,2332.8894
-222.11,144.20799,2331.4359
-222.12,144.18358,2329.9826
-222.13,144.15907,2328.5295
-222.14,144.13445,2327.0766
-222.15,144.10973,2325.6239
-222.16,144.0849,2324.1714
-222.17,144.05997,2322.7191
-222.18,144.03493,2321.267
-222.19,144.00978,2319.8151
-222.2,143.98454,2318.3634
-222.21,143.95918,2316.9119
-222.22,143.93373,2315.4606
-222.23,143.90816,2314.0095
-222.24,143.8825,2312.5585
-222.25,143.85673,2311.1078
-222.26,143.83085,2309.6573
-222.27,143.80487,2308.207
-222.28,143.77879,2306.7569
-222.29,143.7526,2305.3071
-222.3,143.72631,2303.8574
-222.31,143.69992,2302.4079
-222.32,143.67342,2300.9587
-222.33,143.64681,2299.5096
-222.34,143.62011,2298.0608
-222.35,143.5933,2296.6122
-222.36,143.56639,2295.1638
-222.37,143.53937,2293.7156
-222.38,143.51225,2292.2677
-222.39,143.48503,2290.8199
-222.4,143.45771,2289.3724
-222.41,143.43028,2287.9251
-222.42,143.40275,2286.4781
-222.43,143.37512,2285.0312
-222.44,143.34739,2283.5846
-222.45,143.31955,2282.1382
-222.46,143.29161,2280.692
-222.47,143.26357,2279.246
-222.48,143.23543,2277.8003
-222.49,143.20718,2276.3548
-222.5,143.17883,2274.9096
-222.51,143.15039,2273.4645
-222.52,143.12184,2272.0198
-222.53,143.09318,2270.5752
-222.54,143.06443,2269.1309
-222.55,143.03558,2267.6868
-222.56,143.00662,2266.2429
-222.57,142.97757,2264.7993
-222.58,142.94841,2263.3559
-222.59,142.91915,2261.9128
-222.6,142.88979,2260.4699
-222.61,142.86033,2259.0273
-222.62,142.83077,2257.5849
-222.63,142.80111,2256.1427
-222.64,142.77135,2254.7008
-222.65,142.74149,2253.2591
-222.66,142.71153,2251.8177
-222.67,142.68146,2250.3765
-222.68,142.6513,2248.9356
-222.69,142.62104,2247.4949
-222.7,142.59068,2246.0545
-222.71,142.56022,2244.6144
-222.72,142.52966,2243.1744
-222.73,142.499,2241.7348
-222.74,142.46824,2240.2954
-222.75,142.43738,2238.8563
-222.76,142.40642,2237.4174
-222.77,142.37537,2235.9788
-222.78,142.34421,2234.5404
-222.79,142.31296,2233.1023
-222.8,142.2816,2231.6645
-222.81,142.25015,2230.2269
-222.82,142.2186,2228.7896
-222.83,142.18695,2227.3526
-222.84,142.15521,2225.9158
-222.85,142.12336,2224.4793
-222.86,142.09142,2223.0431
-222.87,142.05938,2221.6071
-222.88,142.02724,2220.1714
-222.89,141.995,2218.736
-222.9,141.96267,2217.3009
-222.91,141.93024,2215.866
-222.92,141.89771,2214.4314
-222.93,141.8651,2212.9971
-222.94,141.83239,2211.5631
-222.95,141.7996,2210.1293
-222.96,141.76672,2208.6958
-222.97,141.73377,2207.2626
-222.98,141.70073,2205.8297
-222.99,141.66761,2204.3971
-223,141.63441,2202.9647
-223.01,141.60114,2201.5327
-223.02,141.5678,2200.1009
-223.03,141.53438,2198.6694
-223.04,141.5009,2197.2382
-223.05,141.46735,2195.8073
-223.06,141.43374,2194.3767
-223.07,141.40007,2192.9463
-223.08,141.36633,2191.5163
-223.09,141.33254,2190.0865
-223.1,141.29869,2188.6571
-223.11,141.26479,2187.2279
-223.12,141.23084,2185.799
-223.13,141.19684,2184.3705
-223.14,141.16279,2182.9422
-223.15,141.1287,2181.5142
-223.16,141.09456,2180.0866
-223.17,141.06038,2178.6592
-223.18,141.02616,2177.2321
-223.19,140.99191,2175.8053
-223.2,140.95762,2174.3789
-223.21,140.9233,2172.9527
-223.22,140.88895,2171.5269
-223.23,140.85457,2170.1013
-223.24,140.82016,2168.6761
-223.25,140.78573,2167.2511
-223.26,140.75128,2165.8265
-223.27,140.71681,2164.4022
-223.28,140.68231,2162.9782
-223.29,140.64781,2161.5545
-223.3,140.61329,2160.1311
-223.31,140.57876,2158.708
-223.32,140.54422,2157.2853
-223.33,140.50967,2155.8628
-223.34,140.47511,2154.4407
-223.35,140.44056,2153.0189
-223.36,140.406,2151.5974
-223.37,140.37144,2150.1763
-223.38,140.33689,2148.7554
-223.39,140.30234,2147.3349
-223.4,140.2678,2145.9147
-223.41,140.23327,2144.4949
-223.42,140.19875,2143.0753
-223.43,140.16424,2141.6561
-223.44,140.12975,2140.2372
-223.45,140.09528,2138.8186
-223.46,140.06082,2137.4004
-223.47,140.02639,2135.9825
-223.48,139.99198,2134.5649
-223.49,139.9576,2133.1477
-223.5,139.92325,2131.7307
-223.51,139.88893,2130.3142
-223.52,139.85464,2128.8979
-223.53,139.82038,2127.482
-223.54,139.78617,2126.0664
-223.55,139.75199,2124.6512
-223.56,139.71785,2123.2363
-223.57,139.68375,2121.8218
-223.58,139.6497,2120.4075
-223.59,139.6157,2118.9937
-223.6,139.58175,2117.5801
-223.61,139.54785,2116.1669
-223.62,139.514,2114.7541
-223.63,139.4802,2113.3416
-223.64,139.44647,2111.9294
-223.65,139.41279,2110.5176
-223.66,139.37918,2109.1062
-223.67,139.34563,2107.6951
-223.68,139.31215,2106.2843
-223.69,139.27873,2104.8739
-223.7,139.24539,2103.4638
-223.71,139.21212,2102.0541
-223.72,139.17892,2100.6448
-223.73,139.1458,2099.2358
-223.74,139.11275,2097.8272
-223.75,139.07979,2096.4189
-223.76,139.04691,2095.011
-223.77,139.01412,2093.6034
-223.78,138.98142,2092.1962
-223.79,138.9488,2090.7894
-223.8,138.91627,2089.3829
-223.81,138.88384,2087.9768
-223.82,138.8515,2086.571
-223.83,138.81927,2085.1656
-223.84,138.78713,2083.7606
-223.85,138.75509,2082.3559
-223.86,138.72316,2080.9516
-223.87,138.69133,2079.5477
-223.88,138.65961,2078.1442
-223.89,138.628,2076.741
-223.9,138.5965,2075.3382
-223.91,138.56511,2073.9358
-223.92,138.53383,2072.5337
-223.93,138.50266,2071.132
-223.94,138.47158,2069.7307
-223.95,138.4406,2068.3297
-223.96,138.40971,2066.9291
-223.97,138.37892,2065.5289
-223.98,138.34822,2064.129
-223.99,138.3176,2062.7295
-224,138.28707,2061.3303
-224.01,138.25661,2059.9315
-224.02,138.22623,2058.5331
-224.03,138.19593,2057.135
-224.04,138.1657,2055.7373
-224.05,138.13554,2054.3399
-224.06,138.10544,2052.9429
-224.07,138.0754,2051.5463
-224.08,138.04543,2050.1499
-224.09,138.01551,2048.754
-224.1,137.98565,2047.3584
-224.11,137.95583,2045.9631
-224.12,137.92607,2044.5682
-224.13,137.89635,2043.1736
-224.14,137.86667,2041.7794
-224.15,137.83703,2040.3855
-224.16,137.80743,2038.992
-224.17,137.77786,2037.5988
-224.18,137.74832,2036.2059
-224.19,137.71881,2034.8134
-224.2,137.68932,2033.4213
-224.21,137.65986,2032.0294
-224.22,137.63041,2030.6379
-224.23,137.60098,2029.2467
-224.24,137.57156,2027.8559
-224.25,137.54215,2026.4654
-224.26,137.51275,2025.0752
-224.27,137.48336,2023.6854
-224.28,137.45396,2022.2959
-224.29,137.42457,2020.9067
-224.3,137.39516,2019.5178
-224.31,137.36576,2018.1293
-224.32,137.33634,2016.7411
-224.33,137.3069,2015.3532
-224.34,137.27745,2013.9656
-224.35,137.24799,2012.5784
-224.36,137.21849,2011.1914
-224.37,137.18898,2009.8048
-224.38,137.15943,2008.4186
-224.39,137.12986,2007.0326
-224.4,137.10025,2005.6469
-224.41,137.07061,2004.2616
-224.42,137.04092,2002.8766
-224.43,137.01119,2001.4919
-224.44,136.98142,2000.1075
-224.45,136.9516,1998.7234
-224.46,136.92172,1997.3396
-224.47,136.8918,1995.9561
-224.48,136.86181,1994.5729
-224.49,136.83177,1993.1901
-224.5,136.80166,1991.8075
-224.51,136.77148,1990.4252
-224.52,136.74124,1989.0433
-224.53,136.71092,1987.6616
-224.54,136.68053,1986.2803
-224.55,136.65007,1984.8992
-224.56,136.61952,1983.5185
-224.57,136.58888,1982.138
-224.58,136.55817,1980.7578
-224.59,136.52736,1979.378
-224.6,136.49646,1977.9984
-224.61,136.46546,1976.6191
-224.62,136.43437,1975.2401
-224.63,136.40317,1973.8614
-224.64,136.37187,1972.483
-224.65,136.34046,1971.1048
-224.66,136.30895,1969.727
-224.67,136.27732,1968.3494
-224.68,136.24557,1966.9722
-224.69,136.21371,1965.5952
-224.7,136.18172,1964.2185
-224.71,136.14961,1962.842
-224.72,136.11738,1961.4659
-224.73,136.08501,1960.09
-224.74,136.05251,1958.7144
-224.75,136.01987,1957.3391
-224.76,135.98709,1955.964
-224.77,135.95417,1954.5893
-224.78,135.92111,1953.2148
-224.79,135.8879,1951.8406
-224.8,135.85454,1950.4666
-224.81,135.82102,1949.0929
-224.82,135.78735,1947.7195
-224.83,135.75351,1946.3463
-224.84,135.71952,1944.9735
-224.85,135.68536,1943.6008
-224.86,135.65103,1942.2285
-224.87,135.61653,1940.8564
-224.88,135.58185,1939.4846
-224.89,135.547,1938.113
-224.9,135.51197,1936.7417
-224.91,135.47676,1935.3706
-224.92,135.44137,1933.9999
-224.93,135.40581,1932.6293
-224.94,135.37008,1931.2591
-224.95,135.33417,1929.8891
-224.96,135.29809,1928.5194
-224.97,135.26185,1927.1499
-224.98,135.22544,1925.7808
-224.99,135.18887,1924.4119
-225,135.15213,1923.0433
-225.01,135.11523,1921.6749
-225.02,135.07818,1920.3069
-225.03,135.04096,1918.9391
-225.04,135.00359,1917.5716
-225.05,134.96607,1916.2044
-225.06,134.92839,1914.8375
-225.07,134.89057,1913.4708
-225.08,134.85259,1912.1045
-225.09,134.81447,1910.7385
-225.1,134.7762,1909.3727
-225.11,134.73779,1908.0073
-225.12,134.69924,1906.6421
-225.13,134.66055,1905.2773
-225.14,134.62172,1903.9127
-225.15,134.58276,1902.5485
-225.16,134.54366,1901.1846
-225.17,134.50442,1899.8209
-225.18,134.46506,1898.4576
-225.19,134.42556,1897.0946
-225.2,134.38594,1895.7319
-225.21,134.34619,1894.3695
-225.22,134.30632,1893.0075
-225.23,134.26633,1891.6457
-225.24,134.22622,1890.2843
-225.25,134.18598,1888.9232
-225.26,134.14563,1887.5625
-225.27,134.10517,1886.202
-225.28,134.06459,1884.8419
-225.29,134.0239,1883.4821
-225.3,133.9831,1882.1226
-225.31,133.94219,1880.7635
-225.32,133.90117,1879.4047
-225.33,133.86005,1878.0463
-225.34,133.81883,1876.6882
-225.35,133.7775,1875.3304
-225.36,133.73607,1873.9729
-225.37,133.69455,1872.6159
-225.38,133.65293,1871.2591
-225.39,133.61122,1869.9027
-225.4,133.56941,1868.5467
-225.41,133.52752,1867.191
-225.42,133.48553,1865.8356
-225.43,133.44346,1864.4806
-225.44,133.4013,1863.126
-225.45,133.35906,1861.7717
-225.46,133.31673,1860.4178
-225.47,133.27433,1859.0643
-225.48,133.23185,1857.7111
-225.49,133.18929,1856.3583
-225.5,133.14665,1855.0058
-225.51,133.10394,1853.6537
-225.52,133.06116,1852.302
-225.53,133.01831,1850.9507
-225.54,132.9754,1849.5997
-225.55,132.93241,1848.2491
-225.56,132.88936,1846.8989
-225.57,132.84625,1845.5491
-225.58,132.80308,1844.1997
-225.59,132.75985,1842.8506
-225.6,132.71656,1841.5019
-225.61,132.67321,1840.1536
-225.62,132.62981,1838.8057
-225.63,132.58636,1837.4582
-225.64,132.54286,1836.1111
-225.65,132.49931,1834.7644
-225.66,132.45571,1833.418
-225.67,132.41207,1832.0721
-225.68,132.36838,1830.7266
-225.69,132.32465,1829.3814
-225.7,132.28088,1828.0367
-225.71,132.23708,1826.6924
-225.72,132.19323,1825.3485
-225.73,132.14935,1824.005
-225.74,132.10544,1822.6619
-225.75,132.0615,1821.3192
-225.76,132.01753,1819.9769
-225.77,131.97353,1818.6351
-225.78,131.9295,1817.2937
-225.79,131.88545,1815.9526
-225.8,131.84138,1814.6121
-225.81,131.79729,1813.2719
-225.82,131.75317,1811.9321
-225.83,131.70904,1810.5928
-225.84,131.6649,1809.2539
-225.85,131.62074,1807.9155
-225.86,131.57657,1806.5775
-225.87,131.53239,1805.2399
-225.88,131.4882,1803.9027
-225.89,131.444,1802.566
-225.9,131.3998,1801.2297
-225.91,131.35559,1799.8939
-225.92,131.31138,1798.5585
-225.93,131.26716,1797.2235
-225.94,131.22294,1795.889
-225.95,131.17871,1794.5549
-225.96,131.13448,1793.2213
-225.97,131.09024,1791.8881
-225.98,131.046,1790.5553
-225.99,131.00176,1789.223
-226,130.9575,1787.8911
-226.01,130.91325,1786.5597
-226.02,130.86899,1785.2287
-226.03,130.82472,1783.8981
-226.04,130.78045,1782.568
-226.05,130.73617,1781.2383
-226.06,130.69189,1779.9091
-226.07,130.64761,1778.5803
-226.08,130.60332,1777.2519
-226.09,130.55902,1775.924
-226.1,130.51472,1774.5965
-226.11,130.47042,1773.2695
-226.12,130.42611,1771.9429
-226.13,130.3818,1770.6168
-226.14,130.33748,1769.291
-226.15,130.29315,1767.9658
-226.16,130.24882,1766.6409
-226.17,130.20449,1765.3165
-226.18,130.16015,1763.9926
-226.19,130.11581,1762.6691
-226.2,130.07147,1761.346
-226.21,130.02711,1760.0234
-226.22,129.98276,1758.7012
-226.23,129.9384,1757.3794
-226.24,129.89403,1756.0581
-226.25,129.84966,1754.7373
-226.26,129.80529,1753.4169
-226.27,129.76091,1752.0969
-226.28,129.71652,1750.7773
-226.29,129.67214,1749.4582
-226.3,129.62774,1748.1396
-226.31,129.58335,1746.8214
-226.32,129.53895,1745.5036
-226.33,129.49454,1744.1863
-226.34,129.45013,1742.8694
-226.35,129.40571,1741.5529
-226.36,129.36129,1740.2369
-226.37,129.31687,1738.9213
-226.38,129.27244,1737.6062
-226.39,129.22801,1736.2915
-226.4,129.18357,1734.9773
-226.41,129.13913,1733.6635
-226.42,129.09468,1732.3501
-226.43,129.05023,1731.0372
-226.44,129.00578,1729.7248
-226.45,128.96132,1728.4127
-226.46,128.91686,1727.1011
-226.47,128.87239,1725.79
-226.48,128.82792,1724.4793
-226.49,128.78344,1723.169
-226.5,128.73896,1721.8592
-226.51,128.69447,1720.5499
-226.52,128.64998,1719.2409
-226.53,128.60549,1717.9324
-226.54,128.56099,1716.6244
-226.55,128.51649,1715.3168
-226.56,128.47199,1714.0096
-226.57,128.42747,1712.7029
-226.58,128.38296,1711.3966
-226.59,128.33844,1710.0908
-226.6,128.29392,1708.7854
-226.61,128.24939,1707.4805
-226.62,128.20486,1706.1759
-226.63,128.16033,1704.8719
-226.64,128.11579,1703.5683
-226.65,128.07124,1702.2651
-226.66,128.02669,1700.9624
-226.67,127.98214,1699.6601
-226.68,127.93759,1698.3582
-226.69,127.89303,1697.0568
-226.7,127.84846,1695.7559
-226.71,127.8039,1694.4554
-226.72,127.75932,1693.1553
-226.73,127.71475,1691.8557
-226.74,127.67017,1690.5565
-226.75,127.62558,1689.2577
-226.76,127.581,1687.9594
-226.77,127.53641,1686.6616
-226.78,127.49181,1685.3642
-226.79,127.44721,1684.0672
-226.8,127.40261,1682.7707
-226.81,127.358,1681.4746
-226.82,127.31339,1680.179
-226.83,127.26877,1678.8838
-226.84,127.22415,1677.5891
-226.85,127.17953,1676.2948
-226.86,127.1349,1675.0009
-226.87,127.09027,1673.7075
-226.88,127.04564,1672.4145
-226.89,127.001,1671.122
-226.9,126.95636,1669.8299
-226.91,126.91171,1668.5383
-226.92,126.86706,1667.2471
-226.93,126.82241,1665.9564
-226.94,126.77775,1664.6661
-226.95,126.73309,1663.3762
-226.96,126.68843,1662.0868
-226.97,126.64376,1660.7978
-226.98,126.59908,1659.5093
-226.99,126.55441,1658.2212
-227,126.50973,1656.9336
-227.01,126.46504,1655.6464
-227.02,126.42036,1654.3597
-227.03,126.37567,1653.0734
-227.04,126.33097,1651.7875
-227.05,126.28627,1650.5021
-227.06,126.24157,1649.2171
-227.07,126.19686,1647.9326
-227.08,126.15215,1646.6486
-227.09,126.10744,1645.3649
-227.1,126.06272,1644.0817
-227.11,126.018,1642.799
-227.12,125.97327,1641.5167
-227.13,125.92854,1640.2349
-227.14,125.88381,1638.9535
-227.15,125.83907,1637.6725
-227.16,125.79433,1636.392
-227.17,125.74959,1635.112
-227.18,125.70484,1633.8323
-227.19,125.66009,1632.5532
-227.2,125.61533,1631.2744
-227.21,125.57057,1629.9962
-227.22,125.52581,1628.7183
-227.23,125.48104,1627.4409
-227.24,125.43627,1626.164
-227.25,125.39149,1624.8875
-227.26,125.34672,1623.6114
-227.27,125.30193,1622.3358
-227.28,125.25715,1621.0607
-227.29,125.21236,1619.786
-227.3,125.16756,1618.5117
-227.31,125.12276,1617.2379
-227.32,125.07796,1615.9645
-227.33,125.03316,1614.6916
-227.34,124.98835,1613.4191
-227.35,124.94354,1612.1471
-227.36,124.89872,1610.8755
-227.37,124.8539,1609.6043
-227.38,124.80907,1608.3336
-227.39,124.76425,1607.0634
-227.4,124.71941,1605.7936
-227.41,124.67458,1604.5242
-227.42,124.62974,1603.2553
-227.43,124.5849,1601.9868
-227.44,124.54005,1600.7188
-227.45,124.4952,1599.4512
-227.46,124.45034,1598.1841
-227.47,124.40549,1596.9174
-227.48,124.36062,1595.6512
-227.49,124.31576,1594.3854
-227.5,124.27089,1593.1201
-227.51,124.22601,1591.8552
-227.52,124.18114,1590.5908
-227.53,124.13625,1589.3268
-227.54,124.09137,1588.0632
-227.55,124.04648,1586.8001
-227.56,124.00159,1585.5375
-227.57,123.95669,1584.2753
-227.58,123.91179,1583.0135
-227.59,123.86689,1581.7522
-227.6,123.82198,1580.4913
-227.61,123.77707,1579.2309
-227.62,123.73215,1577.9709
-227.63,123.68723,1576.7114
-227.64,123.64231,1575.4523
-227.65,123.59738,1574.1937
-227.66,123.55245,1572.9355
-227.67,123.50752,1571.6778
-227.68,123.46258,1570.4205
-227.69,123.41764,1569.1637
-227.7,123.37269,1567.9073
-227.71,123.32774,1566.6513
-227.72,123.28279,1565.3958
-227.73,123.23783,1564.1408
-227.74,123.19287,1562.8862
-227.75,123.14791,1561.632
-227.76,123.10294,1560.3783
-227.77,123.05797,1559.1251
-227.78,123.01299,1557.8723
-227.79,122.96801,1556.6199
-227.8,122.92303,1555.368
-227.81,122.87804,1554.1166
-227.82,122.83305,1552.8655
-227.83,122.78805,1551.615
-227.84,122.74305,1550.3649
-227.85,122.69805,1549.1152
-227.86,122.65304,1547.866
-227.87,122.60803,1546.6172
-227.88,122.56302,1545.3689
-227.89,122.518,1544.121
-227.9,122.47298,1542.8736
-227.91,122.42795,1541.6266
-227.92,122.38292,1540.3801
-227.93,122.33787,1539.134
-227.94,122.29282,1537.8884
-227.95,122.24775,1536.6432
-227.96,122.20268,1535.3984
-227.97,122.15758,1534.1542
-227.98,122.11247,1532.9103
-227.99,122.06734,1531.6669
-228,122.02219,1530.424
-228.01,121.97702,1529.1815
-228.02,121.93183,1527.9395
-228.03,121.88661,1526.6979
-228.04,121.84137,1525.4567
-228.05,121.79609,1524.216
-228.06,121.75079,1522.9758
-228.07,121.70546,1521.736
-228.08,121.66009,1520.4966
-228.09,121.61469,1519.2578
-228.1,121.56925,1518.0193
-228.11,121.52378,1516.7813
-228.12,121.47826,1515.5438
-228.13,121.43271,1514.3067
-228.14,121.38711,1513.07
-228.15,121.34147,1511.8338
-228.16,121.29578,1510.5981
-228.17,121.25005,1509.3627
-228.18,121.20427,1508.1279
-228.19,121.15843,1506.8935
-228.2,121.11254,1505.6595
-228.21,121.0666,1504.426
-228.22,121.02061,1503.193
-228.23,120.97455,1501.9604
-228.24,120.92844,1500.7282
-228.25,120.88227,1499.4965
-228.26,120.83604,1498.2653
-228.27,120.78974,1497.0344
-228.28,120.74338,1495.8041
-228.29,120.69695,1494.5742
-228.3,120.65045,1493.3447
-228.31,120.60388,1492.1157
-228.32,120.55724,1490.8872
-228.33,120.51053,1489.659
-228.34,120.46375,1488.4314
-228.35,120.41688,1487.2042
-228.36,120.36994,1485.9774
-228.37,120.32292,1484.7511
-228.38,120.27582,1483.5253
-228.39,120.22863,1482.2999
-228.4,120.18136,1481.0749
-228.41,120.134,1479.8504
-228.42,120.08656,1478.6263
-228.43,120.03903,1477.4027
-228.44,119.9914,1476.1796
-228.45,119.94369,1474.9569
-228.46,119.89588,1473.7346
-228.47,119.84797,1472.5128
-228.48,119.79996,1471.2914
-228.49,119.75186,1470.0705
-228.5,119.70366,1468.8501
-228.51,119.65535,1467.6301
-228.52,119.60694,1466.4105
-228.53,119.55843,1465.1914
-228.54,119.5098,1463.9728
-228.55,119.46107,1462.7546
-228.56,119.41223,1461.5368
-228.57,119.36328,1460.3195
-228.58,119.31421,1459.1027
-228.59,119.26503,1457.8863
-228.6,119.21573,1456.6703
-228.61,119.16631,1455.4548
-228.62,119.11677,1454.2398
-228.63,119.06712,1453.0252
-228.64,119.01733,1451.811
-228.65,118.96743,1450.5973
-228.66,118.91739,1449.3841
-228.67,118.86723,1448.1713
-228.68,118.81694,1446.9589
-228.69,118.76652,1445.7471
-228.7,118.71596,1444.5356
-228.71,118.66527,1443.3246
-228.72,118.61444,1442.1141
-228.73,118.56348,1440.904
-228.74,118.51238,1439.6944
-228.75,118.46113,1438.4852
-228.76,118.40974,1437.2765
-228.77,118.35821,1436.0682
-228.78,118.30654,1434.8603
-228.79,118.25471,1433.653
-228.8,118.20274,1432.446
-228.81,118.15061,1431.2396
-228.82,118.09834,1430.0335
-228.83,118.04591,1428.828
-228.84,117.99332,1427.6228
-228.85,117.94058,1426.4182
-228.86,117.88767,1425.2139
-228.87,117.83461,1424.0102
-228.88,117.78139,1422.8069
-228.89,117.728,1421.604
-228.9,117.67445,1420.4016
-228.91,117.62073,1419.1996
-228.92,117.56686,1417.9981
-228.93,117.51283,1416.7971
-228.94,117.45865,1415.5965
-228.95,117.40431,1414.3964
-228.96,117.34983,1413.1967
-228.97,117.29521,1411.9975
-228.98,117.24044,1410.7987
-228.99,117.18554,1409.6005
-229,117.1305,1408.4027
-229.01,117.07533,1407.2053
-229.02,117.02002,1406.0085
-229.03,116.9646,1404.8121
-229.04,116.90905,1403.6162
-229.05,116.85338,1402.4207
-229.06,116.79759,1401.2258
-229.07,116.74169,1400.0313
-229.08,116.68567,1398.8373
-229.09,116.62955,1397.6438
-229.1,116.57333,1396.4507
-229.11,116.517,1395.2582
-229.12,116.46057,1394.0661
-229.13,116.40404,1392.8746
-229.14,116.34743,1391.6835
-229.15,116.29072,1390.4929
-229.16,116.23393,1389.3028
-229.17,116.17705,1388.1132
-229.18,116.12009,1386.9242
-229.19,116.06305,1385.7356
-229.2,116.00593,1384.5475
-229.21,115.94875,1383.3599
-229.22,115.89149,1382.1728
-229.23,115.83417,1380.9862
-229.24,115.77679,1379.8002
-229.25,115.71934,1378.6146
-229.26,115.66184,1377.4295
-229.27,115.60429,1376.245
-229.28,115.54668,1375.061
-229.29,115.48902,1373.8775
-229.3,115.43132,1372.6945
-229.31,115.37358,1371.512
-229.32,115.3158,1370.3301
-229.33,115.25798,1369.1487
-229.34,115.20013,1367.9678
-229.35,115.14225,1366.7874
-229.36,115.08434,1365.6076
-229.37,115.02641,1364.4283
-229.38,114.96845,1363.2495
-229.39,114.91048,1362.0712
-229.4,114.85249,1360.8935
-229.41,114.79449,1359.7163
-229.42,114.73649,1358.5397
-229.43,114.67847,1357.3636
-229.44,114.62045,1356.188
-229.45,114.56244,1355.013
-229.46,114.50442,1353.8385
-229.47,114.44641,1352.6646
-229.48,114.38841,1351.4912
-229.49,114.33042,1350.3184
-229.5,114.27245,1349.1461
-229.51,114.21449,1347.9744
-229.52,114.15655,1346.8032
-229.53,114.09864,1345.6326
-229.54,114.04076,1344.4626
-229.55,113.9829,1343.2931
-229.56,113.92508,1342.1241
-229.57,113.86729,1340.9558
-229.58,113.80955,1339.788
-229.59,113.75184,1338.6207
-229.6,113.69418,1337.4541
-229.61,113.63657,1336.288
-229.62,113.579,1335.1224
-229.63,113.5215,1333.9575
-229.64,113.46404,1332.7931
-229.65,113.40665,1331.6293
-229.66,113.34932,1330.466
-229.67,113.29206,1329.3034
-229.68,113.23487,1328.1413
-229.69,113.17774,1326.9798
-229.7,113.1207,1325.8189
-229.71,113.06373,1324.6586
-229.72,113.00684,1323.4989
-229.73,112.95003,1322.3397
-229.74,112.89331,1321.1812
-229.75,112.83669,1320.0232
-229.76,112.78015,1318.8659
-229.77,112.72371,1317.7091
-229.78,112.66737,1316.5529
-229.79,112.61113,1315.3974
-229.8,112.555,1314.2424
-229.81,112.49897,1313.088
-229.82,112.44305,1311.9343
-229.83,112.38725,1310.7811
-229.84,112.33157,1309.6286
-229.85,112.276,1308.4766
-229.86,112.22056,1307.3253
-229.87,112.16524,1306.1746
-229.88,112.11006,1305.0245
-229.89,112.055,1303.875
-229.9,112.00008,1302.7261
-229.91,111.94529,1301.5779
-229.92,111.89063,1300.4302
-229.93,111.83609,1299.2832
-229.94,111.78168,1298.1368
-229.95,111.72739,1296.991
-229.96,111.67321,1295.8458
-229.97,111.61915,1294.7012
-229.98,111.5652,1293.5573
-229.99,111.51136,1292.4139
-230,111.45763,1291.2711
-230.01,111.40399,1290.129
-230.02,111.35046,1288.9874
-230.03,111.29702,1287.8464
-230.04,111.24368,1286.7061
-230.05,111.19043,1285.5663
-230.06,111.13726,1284.4271
-230.07,111.08418,1283.2886
-230.08,111.03118,1282.1506
-230.09,110.97826,1281.0132
-230.1,110.92542,1279.8764
-230.11,110.87264,1278.7402
-230.12,110.81994,1277.6046
-230.13,110.76731,1276.4695
-230.14,110.71474,1275.3351
-230.15,110.66223,1274.2012
-230.16,110.60978,1273.0679
-230.17,110.55738,1271.9352
-230.18,110.50504,1270.8031
-230.19,110.45275,1269.6715
-230.2,110.4005,1268.5406
-230.21,110.3483,1267.4102
-230.22,110.29613,1266.2804
-230.23,110.24401,1265.1511
-230.24,110.19191,1264.0224
-230.25,110.13985,1262.8943
-230.26,110.08782,1261.7668
-230.27,110.03582,1260.6398
-230.28,109.98384,1259.5134
-230.29,109.93187,1258.3876
-230.3,109.87993,1257.2623
-230.31,109.828,1256.1376
-230.32,109.77608,1255.0135
-230.33,109.72416,1253.8899
-230.34,109.67226,1252.7668
-230.35,109.62035,1251.6444
-230.36,109.56844,1250.5225
-230.37,109.51654,1249.4011
-230.38,109.46462,1248.2803
-230.39,109.41269,1247.16
-230.4,109.36075,1246.0403
-230.41,109.3088,1244.9211
-230.42,109.25683,1243.8025
-230.43,109.20483,1242.6845
-230.44,109.15282,1241.5669
-230.45,109.10077,1240.4499
-230.46,109.04869,1239.3335
-230.47,108.99659,1238.2176
-230.48,108.94444,1237.1022
-230.49,108.89226,1235.9874
-230.5,108.84003,1234.8731
-230.51,108.78776,1233.7594
-230.52,108.73544,1232.6462
-230.53,108.68307,1231.5335
-230.54,108.63065,1230.4213
-230.55,108.57817,1229.3097
-230.56,108.52563,1228.1986
-230.57,108.47302,1227.088
-230.58,108.42035,1225.978
-230.59,108.36762,1224.8685
-230.6,108.31481,1223.7595
-230.61,108.26193,1222.651
-230.62,108.20896,1221.543
-230.63,108.15592,1220.4356
-230.64,108.1028,1219.3287
-230.65,108.04959,1218.2223
-230.66,107.99629,1217.1164
-230.67,107.9429,1216.011
-230.68,107.88941,1214.9062
-230.69,107.83583,1213.8018
-230.7,107.78214,1212.698
-230.71,107.72835,1211.5946
-230.72,107.67445,1210.4918
-230.73,107.62045,1209.3895
-230.74,107.56633,1208.2877
-230.75,107.51209,1207.1864
-230.76,107.45774,1206.0856
-230.77,107.40326,1204.9852
-230.78,107.34866,1203.8854
-230.79,107.29394,1202.7861
-230.8,107.23908,1201.6873
-230.81,107.18409,1200.589
-230.82,107.12896,1199.4911
-230.83,107.07369,1198.3938
-230.84,107.01828,1197.2969
-230.85,106.96273,1196.2006
-230.86,106.90703,1195.1047
-230.87,106.85117,1194.0093
-230.88,106.79516,1192.9144
-230.89,106.739,1191.82
-230.9,106.68268,1190.7261
-230.91,106.62619,1189.6326
-230.92,106.56956,1188.5396
-230.93,106.51277,1187.4472
-230.94,106.45583,1186.3552
-230.95,106.39874,1185.2637
-230.96,106.34151,1184.1727
-230.97,106.28413,1183.0822
-230.98,106.22661,1181.9921
-230.99,106.16895,1180.9026
-231,106.11116,1179.8136
-231.01,106.05323,1178.7251
-231.02,105.99517,1177.637
-231.03,105.93698,1176.5495
-231.04,105.87866,1175.4625
-231.05,105.82022,1174.376
-231.06,105.76166,1173.29
-231.07,105.70297,1172.2045
-231.08,105.64417,1171.1195
-231.09,105.58525,1170.0351
-231.1,105.52622,1168.9511
-231.11,105.46708,1167.8677
-231.12,105.40783,1166.7848
-231.13,105.34848,1165.7024
-231.14,105.28902,1164.6205
-231.15,105.22946,1163.5391
-231.16,105.1698,1162.4583
-231.17,105.11005,1161.378
-231.18,105.0502,1160.2982
-231.19,104.99026,1159.219
-231.2,104.93023,1158.1402
-231.21,104.87011,1157.0621
-231.22,104.8099,1155.9844
-231.23,104.74962,1154.9073
-231.24,104.68925,1153.8307
-231.25,104.62881,1152.7547
-231.26,104.56829,1151.6792
-231.27,104.5077,1150.6042
-231.28,104.44704,1149.5298
-231.29,104.38631,1148.4559
-231.3,104.32551,1147.3826
-231.31,104.26465,1146.3098
-231.32,104.20372,1145.2376
-231.33,104.14274,1144.1659
-231.34,104.08171,1143.0948
-231.35,104.02061,1142.0242
-231.36,103.95947,1140.9542
-231.37,103.89827,1139.8847
-231.38,103.83703,1138.8158
-231.39,103.77575,1137.7475
-231.4,103.71442,1136.6797
-231.41,103.65305,1135.6125
-231.42,103.59164,1134.5458
-231.43,103.5302,1133.4798
-231.44,103.46872,1132.4143
-231.45,103.40722,1131.3493
-231.46,103.34568,1130.285
-231.47,103.28412,1129.2212
-231.48,103.22254,1128.1579
-231.49,103.16093,1127.0953
-231.5,103.0993,1126.0332
-231.51,103.03766,1124.9718
-231.52,102.976,1123.9109
-231.53,102.91434,1122.8505
-231.54,102.85266,1121.7908
-231.55,102.79097,1120.7317
-231.56,102.72928,1119.6731
-231.57,102.66759,1118.6151
-231.58,102.60589,1117.5577
-231.59,102.5442,1116.501
-231.6,102.48251,1115.4448
-231.61,102.42083,1114.3892
-231.62,102.35916,1113.3342
-231.63,102.2975,1112.2798
-231.64,102.23585,1111.226
-231.65,102.17422,1110.1728
-231.66,102.11261,1109.1202
-231.67,102.05101,1108.0682
-231.68,101.98945,1107.0168
-231.69,101.9279,1105.9661
-231.7,101.86639,1104.9159
-231.71,101.8049,1103.8664
-231.72,101.74345,1102.8174
-231.73,101.68203,1101.7691
-231.74,101.62065,1100.7214
-231.75,101.55931,1099.6743
-231.76,101.49801,1098.6279
-231.77,101.43675,1097.582
-231.78,101.37555,1096.5368
-231.79,101.31439,1095.4922
-231.8,101.25328,1094.4482
-231.81,101.19222,1093.4049
-231.82,101.13123,1092.3622
-231.83,101.07029,1091.3201
-231.84,101.00941,1090.2787
-231.85,100.94859,1089.2379
-231.86,100.88784,1088.1977
-231.87,100.82715,1087.1582
-231.88,100.76654,1086.1193
-231.89,100.706,1085.081
-231.9,100.64553,1084.0434
-231.91,100.58514,1083.0064
-231.92,100.52482,1081.9701
-231.93,100.46458,1080.9344
-231.94,100.4044,1079.8993
-231.95,100.3443,1078.8649
-231.96,100.28427,1077.8311
-231.97,100.22432,1076.798
-231.98,100.16443,1075.7655
-231.99,100.10461,1074.7336
-232,100.04487,1073.7024
-232.01,99.985191,1072.6718
-232.02,99.925583,1071.6419
-232.03,99.866043,1070.6125
-232.04,99.806571,1069.5838
-232.05,99.747166,1068.5558
-232.06,99.687828,1067.5283
-232.07,99.628557,1066.5015
-232.08,99.569351,1065.4753
-232.09,99.510211,1064.4498
-232.1,99.451135,1063.4249
-232.11,99.392124,1062.4006
-232.12,99.333177,1061.3769
-232.13,99.274293,1060.3538
-232.14,99.215472,1059.3314
-232.15,99.156714,1058.3096
-232.16,99.098017,1057.2885
-232.17,99.039382,1056.2679
-232.18,98.980807,1055.248
-232.19,98.922294,1054.2287
-232.2,98.86384,1053.21
-232.21,98.805445,1052.1919
-232.22,98.747109,1051.1745
-232.23,98.688832,1050.1576
-232.24,98.630613,1049.1414
-232.25,98.572451,1048.1258
-232.26,98.514347,1047.1108
-232.27,98.456298,1046.0965
-232.28,98.398306,1045.0827
-232.29,98.340369,1044.0696
-232.3,98.282487,1043.057
-232.31,98.22466,1042.0451
-232.32,98.166887,1041.0338
-232.33,98.109167,1040.0231
-232.34,98.0515,1039.013
-232.35,97.993886,1038.0035
-232.36,97.936323,1036.9947
-232.37,97.878813,1035.9864
-232.38,97.821353,1034.9787
-232.39,97.763944,1033.9717
-232.4,97.706584,1032.9652
-232.41,97.649275,1031.9594
-232.42,97.592014,1030.9542
-232.43,97.534802,1029.9495
-232.44,97.477638,1028.9455
-232.45,97.420522,1027.9421
-232.46,97.363453,1026.9392
-232.47,97.30643,1025.937
-232.48,97.249453,1024.9354
-232.49,97.192522,1023.9343
-232.5,97.135637,1022.9339
-232.51,97.078795,1021.9341
-232.52,97.021998,1020.9348
-232.53,96.965245,1019.9362
-232.54,96.908534,1018.9381
-232.55,96.851866,1017.9407
-232.56,96.795241,1016.9438
-232.57,96.738657,1015.9475
-232.58,96.682114,1014.9518
-232.59,96.625612,1013.9567
-232.6,96.56915,1012.9622
-232.61,96.512727,1011.9683
-232.62,96.456344,1010.975
-232.63,96.4,1009.9823
-232.64,96.343693,1008.9901
-232.65,96.287425,1007.9985
-232.66,96.231193,1007.0076
-232.67,96.174998,1006.0172
-232.68,96.11884,1005.0274
-232.69,96.062717,1004.0381
-232.7,96.006629,1003.0495
-232.71,95.950577,1002.0614
-232.72,95.894558,1001.074
-232.73,95.838573,1000.0871
-232.74,95.782621,999.10074
-232.75,95.726703,998.115
-232.76,95.670816,997.12984
-232.77,95.614961,996.14526
-232.78,95.559137,995.16125
-232.79,95.503345,994.17782
-232.8,95.447582,993.19496
-232.81,95.391849,992.21267
-232.82,95.336146,991.23097
-232.83,95.280471,990.24983
-232.84,95.224825,989.26927
-232.85,95.169206,988.28927
-232.86,95.113615,987.30985
-232.87,95.05805,986.331
-232.88,95.002512,985.35271
-232.89,94.947,984.375
-232.9,94.891513,983.39785
-232.91,94.836052,982.42127
-232.92,94.780618,981.44526
-232.93,94.72521,980.46982
-232.94,94.66983,979.49494
-232.95,94.614478,978.52062
-232.96,94.559155,977.54688
-232.97,94.50386,976.5737
-232.98,94.448595,975.60108
-232.99,94.393361,974.62903
-233,94.338157,973.65755
-233.01,94.282984,972.68663
-233.02,94.227843,971.71627
-233.03,94.172735,970.74648
-233.04,94.117659,969.77726
-233.05,94.062616,968.8086
-233.06,94.007608,967.8405
-233.07,93.952634,966.87296
-233.08,93.897695,965.90599
-233.09,93.842791,964.93958
-233.1,93.787923,963.97373
-233.11,93.733093,963.00845
-233.12,93.678299,962.04372
-233.13,93.623542,961.07956
-233.14,93.568825,960.11596
-233.15,93.514145,959.15293
-233.16,93.459505,958.19045
-233.17,93.404905,957.22853
-233.18,93.350345,956.26718
-233.19,93.295826,955.30638
-233.2,93.241349,954.34615
-233.21,93.186913,953.38647
-233.22,93.13252,952.42736
-233.23,93.07817,951.4688
-233.24,93.023863,950.5108
-233.25,92.9696,949.55337
-233.26,92.915383,948.59649
-233.27,92.86121,947.64016
-233.28,92.807083,946.6844
-233.29,92.753002,945.72919
-233.3,92.698968,944.77455
-233.31,92.644981,943.82046
-233.32,92.591042,942.86692
-233.33,92.537151,941.91394
-233.34,92.48331,940.96152
-233.35,92.429518,940.00966
-233.36,92.375775,939.05835
-233.37,92.322083,938.1076
-233.38,92.268443,937.1574
-233.39,92.214854,936.20776
-233.4,92.161317,935.25867
-233.41,92.107832,934.31014
-233.42,92.054401,933.36216
-233.43,92.001024,932.41474
-233.44,91.9477,931.46787
-233.45,91.894432,930.52155
-233.46,91.841219,929.57579
-233.47,91.788062,928.63058
-233.48,91.734961,927.68592
-233.49,91.681917,926.74182
-233.5,91.628931,925.79827
-233.51,91.576002,924.85527
-233.52,91.523133,923.91282
-233.53,91.470322,922.97093
-233.54,91.417571,922.02959
-233.55,91.36488,921.08879
-233.56,91.312249,920.14855
-233.57,91.25968,919.20886
-233.58,91.207173,918.26972
-233.59,91.154728,917.33113
-233.6,91.102346,916.39309
-233.61,91.050027,915.4556
-233.62,90.997772,914.51866
-233.63,90.945581,913.58227
-233.64,90.893456,912.64642
-233.65,90.841396,911.71113
-233.66,90.789402,910.77638
-233.67,90.737475,909.84218
-233.68,90.685614,908.90853
-233.69,90.633822,907.97543
-233.7,90.582097,907.04288
-233.71,90.530441,906.11087
-233.72,90.478855,905.17941
-233.73,90.427338,904.24849
-233.74,90.375892,903.31813
-233.75,90.324516,902.3883
-233.76,90.273212,901.45903
-233.77,90.22198,900.5303
-233.78,90.17082,899.60211
-233.79,90.119734,898.67447
-233.8,90.068721,897.74738
-233.81,90.017782,896.82083
-233.82,89.966917,895.89482
-233.83,89.916128,894.96936
-233.84,89.865414,894.04444
-233.85,89.814777,893.12007
-233.86,89.764216,892.19624
-233.87,89.713733,891.27295
-233.88,89.663327,890.3502
-233.89,89.613,889.428
-233.9,89.562751,888.50634
-233.91,89.512579,887.58522
-233.92,89.46248,886.66464
-233.93,89.412453,885.7446
-233.94,89.362495,884.82511
-233.95,89.312603,883.90614
-233.96,89.262775,882.98772
-233.97,89.213009,882.06984
-233.98,89.163301,881.15249
-233.99,89.11365,880.23567
-234,89.064053,879.31939
-234.01,89.014507,878.40364
-234.02,88.96501,877.48843
-234.03,88.915559,876.57375
-234.04,88.866152,875.6596
-234.05,88.816787,874.74598
-234.06,88.76746,873.83289
-234.07,88.71817,872.92032
-234.08,88.668914,872.00829
-234.09,88.619689,871.09679
-234.1,88.570493,870.18581
-234.11,88.521324,869.27535
-234.12,88.472178,868.36542
-234.13,88.423054,867.45602
-234.14,88.373949,866.54714
-234.15,88.32486,865.63878
-234.16,88.275785,864.73094
-234.17,88.226721,863.82363
-234.18,88.177666,862.91683
-234.19,88.128618,862.01055
-234.2,88.079573,861.1048
-234.21,88.03053,860.19956
-234.22,87.981486,859.29483
-234.23,87.932438,858.39063
-234.24,87.883384,857.48694
-234.25,87.834322,856.58376
-234.26,87.785248,855.6811
-234.27,87.736161,854.77895
-234.28,87.687057,853.87731
-234.29,87.637935,852.97619
-234.3,87.588792,852.07558
-234.31,87.539626,851.17547
-234.32,87.490433,850.27588
-234.33,87.441211,849.37679
-234.34,87.391959,848.47821
-234.35,87.342673,847.58014
-234.36,87.29335,846.68257
-234.37,87.243989,845.78551
-234.38,87.194587,844.88895
-234.39,87.145142,843.9929
-234.4,87.09565,843.09735
-234.41,87.04611,842.2023
-234.42,86.996518,841.30776
-234.43,86.946873,840.41371
-234.44,86.897172,839.52016
-234.45,86.847412,838.62712
-234.46,86.797591,837.73457
-234.47,86.747707,836.84252
-234.48,86.697756,835.95096
-234.49,86.647737,835.0599
-234.5,86.597647,834.16934
-234.51,86.547483,833.27927
-234.52,86.497243,832.38969
-234.53,86.446924,831.50061
-234.54,86.396524,830.61201
-234.55,86.346041,829.72391
-234.56,86.295471,828.8363
-234.57,86.244813,827.94918
-234.58,86.194063,827.06255
-234.59,86.143221,826.1764
-234.6,86.092281,825.29074
-234.61,86.041244,824.40557
-234.62,85.990105,823.52088
-234.63,85.938863,822.63668
-234.64,85.887514,821.75297
-234.65,85.836057,820.86973
-234.66,85.784489,819.98698
-234.67,85.732807,819.10471
-234.68,85.681009,818.22292
-234.69,85.629092,817.34161
-234.7,85.577055,816.46078
-234.71,85.524893,815.58043
-234.72,85.472606,814.70055
-234.73,85.42019,813.82115
-234.74,85.367643,812.94223
-234.75,85.314962,812.06379
-234.76,85.262145,811.18581
-234.77,85.209189,810.30832
-234.78,85.156093,809.43129
-234.79,85.102852,808.55474
-234.8,85.049466,807.67866
-234.81,84.995931,806.80305
-234.82,84.942245,805.9279
-234.83,84.888405,805.05323
-234.84,84.834409,804.17903
-234.85,84.780254,803.30529
-234.86,84.725939,802.43202
-234.87,84.671459,801.55922
-234.88,84.616814,800.68688
-234.89,84.562,799.815
-234.9,84.507016,798.94359
-234.91,84.451862,798.07264
-234.92,84.396542,797.20216
-234.93,84.341058,796.33215
-234.94,84.285411,795.46261
-234.95,84.229604,794.59354
-234.96,84.17364,793.72495
-234.97,84.117519,792.85683
-234.98,84.061246,791.98918
-234.99,84.004821,791.12202
-235,83.948247,790.25534
-235.01,83.891526,789.38914
-235.02,83.834661,788.52342
-235.03,83.777653,787.65819
-235.04,83.720505,786.79345
-235.05,83.663219,785.92919
-235.06,83.605797,785.06543
-235.07,83.548242,784.20216
-235.08,83.490556,783.33938
-235.09,83.43274,782.4771
-235.1,83.374798,781.61531
-235.11,83.316731,780.75403
-235.12,83.258541,779.89325
-235.13,83.200231,779.03297
-235.14,83.141803,778.17319
-235.15,83.083259,777.31392
-235.16,83.024602,776.45516
-235.17,82.965833,775.59691
-235.18,82.906955,774.73917
-235.19,82.84797,773.88194
-235.2,82.78888,773.02522
-235.21,82.729687,772.16903
-235.22,82.670395,771.31335
-235.23,82.611004,770.45819
-235.24,82.551517,769.60355
-235.25,82.491936,768.74944
-235.26,82.432264,767.89585
-235.27,82.372503,767.04279
-235.28,82.312654,766.19026
-235.29,82.252721,765.33826
-235.3,82.192705,764.48678
-235.31,82.132608,763.63585
-235.32,82.072433,762.78544
-235.33,82.012182,761.93558
-235.34,81.951858,761.08625
-235.35,81.891461,760.23747
-235.36,81.830995,759.38922
-235.37,81.770463,758.54152
-235.38,81.709865,757.69437
-235.39,81.649204,756.84776
-235.4,81.588483,756.0017
-235.41,81.527703,755.15619
-235.42,81.466867,754.31124
-235.43,81.405978,753.46684
-235.44,81.345036,752.62299
-235.45,81.284045,751.77971
-235.46,81.223007,750.93698
-235.47,81.161924,750.09481
-235.48,81.100798,749.25321
-235.49,81.039631,748.41217
-235.5,80.978426,747.57169
-235.51,80.917184,746.73178
-235.52,80.855909,745.89245
-235.53,80.794601,745.05368
-235.54,80.733264,744.21549
-235.55,80.6719,743.37787
-235.56,80.610511,742.54083
-235.57,80.549098,741.70437
-235.58,80.487665,740.86848
-235.59,80.426213,740.03318
-235.6,80.364745,739.19846
-235.61,80.303262,738.36433
-235.62,80.241768,737.53078
-235.63,80.180264,736.69782
-235.64,80.118753,735.86545
-235.65,80.057236,735.03367
-235.66,79.995717,734.20249
-235.67,79.934196,733.3719
-235.68,79.872677,732.54191
-235.69,79.811161,731.71252
-235.7,79.749651,730.88372
-235.71,79.688149,730.05553
-235.72,79.626657,729.22795
-235.73,79.565178,728.40096
-235.74,79.503713,727.57459
-235.75,79.442265,726.74883
-235.76,79.380836,725.92367
-235.77,79.319429,725.09913
-235.78,79.258045,724.2752
-235.79,79.196686,723.45189
-235.8,79.135356,722.62919
-235.81,79.074055,721.80711
-235.82,79.012787,720.98566
-235.83,78.951553,720.16483
-235.84,78.890356,719.34462
-235.85,78.829198,718.52504
-235.86,78.768082,717.70608
-235.87,78.707008,716.88776
-235.88,78.64598,716.07006
-235.89,78.585,715.253
-235.9,78.52407,714.43657
-235.91,78.46319,713.62078
-235.92,78.402363,712.80562
-235.93,78.341588,711.99109
-235.94,78.280868,711.1772
-235.95,78.220202,710.36394
-235.96,78.159593,709.55131
-235.97,78.09904,708.73931
-235.98,78.038545,707.92794
-235.99,77.978109,707.1172
-236,77.917732,706.30709
-236.01,77.857417,705.49761
-236.02,77.797163,704.68876
-236.03,77.736972,703.88054
-236.04,77.676844,703.07294
-236.05,77.616782,702.26597
-236.06,77.556785,701.45963
-236.07,77.496855,700.65391
-236.08,77.436992,699.84882
-236.09,77.377198,699.04436
-236.1,77.317474,698.24052
-236.11,77.25782,697.4373
-236.12,77.198238,696.6347
-236.13,77.138729,695.83273
-236.14,77.079293,695.03139
-236.15,77.019931,694.23066
-236.16,76.960645,693.43056
-236.17,76.901436,692.63107
-236.18,76.842304,691.83221
-236.19,76.78325,691.03397
-236.2,76.724276,690.23634
-236.21,76.665382,689.43934
-236.22,76.60657,688.64296
-236.23,76.54784,687.84719
-236.24,76.489194,687.05204
-236.25,76.430632,686.2575
-236.26,76.372155,685.46359
-236.27,76.313764,684.67029
-236.28,76.255461,683.8776
-236.29,76.197246,683.08553
-236.3,76.13912,682.29408
-236.31,76.081085,681.50324
-236.32,76.023141,680.71301
-236.33,75.965289,679.9234
-236.34,75.90753,679.13439
-236.35,75.849865,678.346
-236.36,75.792295,677.55823
-236.37,75.734822,676.77106
-236.38,75.677446,675.9845
-236.39,75.620167,675.19856
-236.4,75.562988,674.41322
-236.41,75.505909,673.62849
-236.42,75.448931,672.84437
-236.43,75.392055,672.06086
-236.44,75.335282,671.27796
-236.45,75.278612,670.49566
-236.46,75.222048,669.71397
-236.47,75.16559,668.93289
-236.48,75.109239,668.15241
-236.49,75.052995,667.37253
-236.5,74.99686,666.59327
-236.51,74.940836,665.8146
-236.52,74.884922,665.03654
-236.53,74.82912,664.25908
-236.54,74.773431,663.48223
-236.55,74.717855,662.70597
-236.56,74.662394,661.93032
-236.57,74.60705,661.15527
-236.58,74.551821,660.38082
-236.59,74.496711,659.60697
-236.6,74.441719,658.83372
-236.61,74.386847,658.06106
-236.62,74.332095,657.28901
-236.63,74.277466,656.51756
-236.64,74.222958,655.7467
-236.65,74.168575,654.97644
-236.66,74.114316,654.20677
-236.67,74.060182,653.43771
-236.68,74.006175,652.66923
-236.69,73.952296,651.90136
-236.7,73.898545,651.13407
-236.71,73.844924,650.36738
-236.72,73.791433,649.60129
-236.73,73.738073,648.83579
-236.74,73.684846,648.07088
-236.75,73.631753,647.30656
-236.76,73.578793,646.54283
-236.77,73.52597,645.7797
-236.78,73.473282,645.01715
-236.79,73.420732,644.2552
-236.8,73.36832,643.49384
-236.81,73.316048,642.73306
-236.82,73.263915,641.97287
-236.83,73.211924,641.21327
-236.84,73.160076,640.45426
-236.85,73.10837,639.69584
-236.86,73.056809,638.938
-236.87,73.005393,638.18075
-236.88,72.954123,637.42408
-236.89,72.903,636.668
-236.9,72.852025,635.9125
-236.91,72.801196,635.15759
-236.92,72.750513,634.40326
-236.93,72.699972,633.64951
-236.94,72.649573,632.89633
-236.95,72.599315,632.14374
-236.96,72.549194,631.39171
-236.97,72.499211,630.64027
-236.98,72.449362,629.88939
-236.99,72.399647,629.13909
-237,72.350064,628.38936
-237.01,72.300611,627.64019
-237.02,72.251287,626.8916
-237.03,72.20209,626.14356
-237.04,72.153018,625.3961
-237.05,72.10407,624.64919
-237.06,72.055244,623.90284
-237.07,72.006539,623.15706
-237.08,71.957953,622.41183
-237.09,71.909483,621.66716
-237.1,71.86113,620.92304
-237.11,71.81289,620.17948
-237.12,71.764763,619.43647
-237.13,71.716747,618.69401
-237.14,71.668839,617.95209
-237.15,71.62104,617.21073
-237.16,71.573346,616.46991
-237.17,71.525756,615.72964
-237.18,71.478269,614.98991
-237.19,71.430883,614.25072
-237.2,71.383597,613.51207
-237.21,71.336408,612.77396
-237.22,71.289316,612.03638
-237.23,71.242317,611.29935
-237.24,71.195412,610.56284
-237.25,71.148598,609.82687
-237.26,71.101874,609.09143
-237.27,71.055238,608.35652
-237.28,71.008688,607.62214
-237.29,70.962223,606.88829
-237.3,70.915841,606.15496
-237.31,70.86954,605.42215
-237.32,70.82332,604.68987
-237.33,70.777178,603.95811
-237.34,70.731112,603.22686
-237.35,70.685122,602.49614
-237.36,70.639204,601.76593
-237.37,70.593359,601.03624
-237.38,70.547584,600.30706
-237.39,70.501877,599.57839
-237.4,70.456237,598.85023
-237.41,70.410662,598.12258
-237.42,70.365152,597.39544
-237.43,70.319703,596.66881
-237.44,70.274314,595.94267
-237.45,70.228984,595.21705
-237.46,70.183712,594.49192
-237.47,70.138495,593.7673
-237.48,70.093332,593.04317
-237.49,70.048221,592.31954
-237.5,70.003161,591.5964
-237.51,69.958149,590.87376
-237.52,69.913186,590.15162
-237.53,69.868268,589.42996
-237.54,69.823394,588.70879
-237.55,69.778562,587.98812
-237.56,69.733772,587.26792
-237.57,69.689021,586.54822
-237.58,69.644307,585.829
-237.59,69.59963,585.11026
-237.6,69.554987,584.392
-237.61,69.510376,583.67422
-237.62,69.465797,582.95692
-237.63,69.421248,582.24009
-237.64,69.376726,581.52374
-237.65,69.332231,580.80786
-237.66,69.28776,580.09246
-237.67,69.243312,579.37752
-237.68,69.198886,578.66306
-237.69,69.154479,577.94906
-237.7,69.110091,577.23553
-237.71,69.065719,576.52246
-237.72,69.021362,575.80986
-237.73,68.977018,575.09771
-237.74,68.932686,574.38603
-237.75,68.888364,573.67481
-237.76,68.844051,572.96404
-237.77,68.799744,572.25373
-237.78,68.755442,571.54387
-237.79,68.711144,570.83447
-237.8,68.666848,570.12552
-237.81,68.622552,569.41701
-237.82,68.578255,568.70896
-237.83,68.533955,568.00135
-237.84,68.48965,567.29419
-237.85,68.445339,566.58747
-237.86,68.40102,565.88119
-237.87,68.356692,565.17535
-237.88,68.312352,564.46996
-237.89,68.268,563.765
-237.9,68.223634,563.06048
-237.91,68.179253,562.35639
-237.92,68.134859,561.65274
-237.93,68.09045,560.94953
-237.94,68.046028,560.24676
-237.95,68.001591,559.54442
-237.96,67.957141,558.84252
-237.97,67.912677,558.14106
-237.98,67.868199,557.44003
-237.99,67.823708,556.73945
-238,67.779204,556.0393
-238.01,67.734686,555.33958
-238.02,67.690155,554.64031
-238.03,67.645611,553.94148
-238.04,67.601054,553.24308
-238.05,67.556484,552.54512
-238.06,67.511901,551.8476
-238.07,67.467306,551.15052
-238.08,67.422697,550.45388
-238.09,67.378077,549.75768
-238.1,67.333443,549.06191
-238.11,67.288798,548.36659
-238.12,67.24414,547.6717
-238.13,67.19947,546.97726
-238.14,67.154787,546.28326
-238.15,67.110093,545.58969
-238.16,67.065387,544.89657
-238.17,67.020669,544.20388
-238.18,66.975939,543.51164
-238.19,66.931198,542.81984
-238.2,66.886445,542.12847
-238.21,66.841681,541.43755
-238.22,66.796905,540.74707
-238.23,66.752119,540.05703
-238.24,66.707321,539.36743
-238.25,66.662511,538.67828
-238.26,66.617691,537.98956
-238.27,66.57286,537.30129
-238.28,66.528019,536.61346
-238.29,66.483166,535.92607
-238.3,66.438303,535.23912
-238.31,66.39343,534.55261
-238.32,66.348546,533.86655
-238.33,66.303652,533.18093
-238.34,66.258747,532.49575
-238.35,66.213833,531.81102
-238.36,66.168908,531.12673
-238.37,66.123974,530.44288
-238.38,66.079029,529.75948
-238.39,66.034075,529.07651
-238.4,65.989111,528.394
-238.41,65.944138,527.71192
-238.42,65.899155,527.03029
-238.43,65.854163,526.34911
-238.44,65.809161,525.66836
-238.45,65.764151,524.98807
-238.46,65.719131,524.30821
-238.47,65.674102,523.6288
-238.48,65.629064,522.94984
-238.49,65.584018,522.27132
-238.5,65.538963,521.59325
-238.51,65.493899,520.91562
-238.52,65.448826,520.23843
-238.53,65.403745,519.5617
-238.54,65.358656,518.8854
-238.55,65.313559,518.20956
-238.56,65.268453,517.53415
-238.57,65.223339,516.8592
-238.58,65.178218,516.18469
-238.59,65.133088,515.51063
-238.6,65.087951,514.83701
-238.61,65.042806,514.16384
-238.62,64.997653,513.49112
-238.63,64.952493,512.81884
-238.64,64.907325,512.14702
-238.65,64.86215,511.47563
-238.66,64.816968,510.8047
-238.67,64.771779,510.13421
-238.68,64.726583,509.46417
-238.69,64.68138,508.79458
-238.7,64.636169,508.12544
-238.71,64.590953,507.45674
-238.72,64.545729,506.7885
-238.73,64.500499,506.1207
-238.74,64.455262,505.45335
-238.75,64.410019,504.78644
-238.76,64.36477,504.11999
-238.77,64.319515,503.45399
-238.78,64.274253,502.78843
-238.79,64.228986,502.12333
-238.8,64.183712,501.45867
-238.81,64.138433,500.79446
-238.82,64.093148,500.1307
-238.83,64.047857,499.4674
-238.84,64.002561,498.80454
-238.85,63.957259,498.14213
-238.86,63.911952,497.48017
-238.87,63.86664,496.81866
-238.88,63.821323,496.15761
-238.89,63.776,495.497
-238.9,63.730673,494.83684
-238.91,63.685341,494.17714
-238.92,63.640005,493.51789
-238.93,63.594665,492.85908
-238.94,63.549322,492.20073
-238.95,63.503977,491.54283
-238.96,63.45863,490.88538
-238.97,63.413281,490.22838
-238.98,63.367931,489.57183
-238.99,63.32258,488.91573
-239,63.277229,488.26009
-239.01,63.231878,487.6049
-239.02,63.186528,486.95015
-239.03,63.141179,486.29586
-239.04,63.095832,485.64202
-239.05,63.050487,484.98863
-239.06,63.005145,484.3357
-239.07,62.959805,483.68321
-239.08,62.91447,483.03118
-239.09,62.869138,482.3796
-239.1,62.823811,481.72847
-239.11,62.778489,481.07779
-239.12,62.733173,480.42756
-239.13,62.687862,479.77779
-239.14,62.642558,479.12846
-239.15,62.597261,478.47959
-239.16,62.551971,477.83117
-239.17,62.506689,477.18321
-239.18,62.461416,476.53569
-239.19,62.416151,475.88863
-239.2,62.370896,475.24202
-239.21,62.32565,474.59586
-239.22,62.280415,473.95016
-239.23,62.235191,473.30491
-239.24,62.189977,472.66011
-239.25,62.144776,472.01576
-239.26,62.099586,471.37186
-239.27,62.054409,470.72842
-239.28,62.009246,470.08543
-239.29,61.964096,469.44289
-239.3,61.91896,468.80081
-239.31,61.873838,468.15918
-239.32,61.828732,467.518
-239.33,61.783641,466.87727
-239.34,61.738566,466.237
-239.35,61.693507,465.59718
-239.36,61.648466,464.95781
-239.37,61.603442,464.3189
-239.38,61.558435,463.68044
-239.39,61.513448,463.04243
-239.4,61.468479,462.40488
-239.41,61.423529,461.76777
-239.42,61.378599,461.13113
-239.43,61.333689,460.49493
-239.44,61.2888,459.85919
-239.45,61.243933,459.22391
-239.46,61.199087,458.58907
-239.47,61.154263,457.95469
-239.48,61.109462,457.32077
-239.49,61.064684,456.68729
-239.5,61.019929,456.05427
-239.51,60.975199,455.42171
-239.52,60.930493,454.7896
-239.53,60.885813,454.15794
-239.54,60.841157,453.52674
-239.55,60.796528,452.89599
-239.56,60.751925,452.26569
-239.57,60.70735,451.63585
-239.58,60.662801,451.00646
-239.59,60.618281,450.37753
-239.6,60.573788,449.74905
-239.61,60.529325,449.12103
-239.62,60.484891,448.49346
-239.63,60.440487,447.86634
-239.64,60.396113,447.23968
-239.65,60.35177,446.61348
-239.66,60.307458,445.98772
-239.67,60.263178,445.36243
-239.68,60.21893,444.73758
-239.69,60.174715,444.11319
-239.7,60.130532,443.48926
-239.71,60.086384,442.86578
-239.72,60.042269,442.24276
-239.73,59.998189,441.62019
-239.74,59.954144,440.99808
-239.75,59.910135,440.37642
-239.76,59.866162,439.75521
-239.77,59.822225,439.13447
-239.78,59.778325,438.51417
-239.79,59.734462,437.89433
-239.8,59.690638,437.27495
-239.81,59.646851,436.65602
-239.82,59.603104,436.03755
-239.83,59.559396,435.41953
-239.84,59.515728,434.80197
-239.85,59.4721,434.18487
-239.86,59.428512,433.56822
-239.87,59.384966,432.95202
-239.88,59.341462,432.33628
-239.89,59.298,431.721
-239.9,59.25458,431.10617
-239.91,59.211203,430.4918
-239.92,59.167867,429.87788
-239.93,59.124571,429.26442
-239.94,59.081316,428.65141
-239.95,59.0381,428.03886
-239.96,58.994924,427.42675
-239.97,58.951785,426.8151
-239.98,58.908684,426.20391
-239.99,58.865621,425.59316
-240,58.822593,424.98287
-240.01,58.779602,424.37303
-240.02,58.736645,423.76363
-240.03,58.693723,423.15469
-240.04,58.650836,422.5462
-240.05,58.607981,421.93816
-240.06,58.565159,421.33056
-240.07,58.522369,420.72342
-240.08,58.47961,420.11672
-240.09,58.436882,419.51047
-240.1,58.394185,418.90467
-240.11,58.351517,418.29931
-240.12,58.308877,417.6944
-240.13,58.266267,417.08994
-240.14,58.223683,416.48592
-240.15,58.181127,415.88235
-240.16,58.138597,415.27922
-240.17,58.096093,414.67654
-240.18,58.053614,414.0743
-240.19,58.01116,413.4725
-240.2,57.968729,412.87115
-240.21,57.926322,412.27024
-240.22,57.883938,411.66977
-240.23,57.841575,411.06974
-240.24,57.799234,410.47015
-240.25,57.756914,409.87101
-240.26,57.714613,409.2723
-240.27,57.672333,408.67404
-240.28,57.630071,408.07621
-240.29,57.587827,407.47883
-240.3,57.545602,406.88188
-240.31,57.503393,406.28537
-240.32,57.4612,405.6893
-240.33,57.419024,405.09366
-240.34,57.376862,404.49846
-240.35,57.334715,403.9037
-240.36,57.292582,403.30938
-240.37,57.250462,402.71549
-240.38,57.208355,402.12204
-240.39,57.16626,401.52902
-240.4,57.124176,400.93643
-240.41,57.082103,400.34428
-240.42,57.04004,399.75256
-240.43,56.997987,399.16128
-240.44,56.955942,398.57043
-240.45,56.913906,397.98001
-240.46,56.871877,397.39002
-240.47,56.829856,396.80047
-240.48,56.787841,396.21134
-240.49,56.745831,395.62265
-240.5,56.703827,395.03438
-240.51,56.661827,394.44655
-240.52,56.619831,393.85914
-240.53,56.577839,393.27216
-240.54,56.535849,392.68562
-240.55,56.493861,392.0995
-240.56,56.451874,391.5138
-240.57,56.409888,390.92854
-240.58,56.367903,390.3437
-240.59,56.325916,389.75929
-240.6,56.283929,389.1753
-240.61,56.24194,388.59174
-240.62,56.199949,388.0086
-240.63,56.157954,387.42589
-240.64,56.115956,386.8436
-240.65,56.073954,386.26174
-240.66,56.031947,385.6803
-240.67,55.989934,385.09928
-240.68,55.947915,384.51868
-240.69,55.90589,383.93851
-240.7,55.863857,383.35876
-240.71,55.821816,382.77943
-240.72,55.779767,382.20052
-240.73,55.737708,381.62203
-240.74,55.695639,381.04396
-240.75,55.65356,380.46631
-240.76,55.61147,379.88908
-240.77,55.569368,379.31226
-240.78,55.527254,378.73587
-240.79,55.485126,378.15989
-240.8,55.442985,377.58433
-240.81,55.40083,377.00919
-240.82,55.35866,376.43446
-240.83,55.316474,375.86015
-240.84,55.274273,375.28626
-240.85,55.232054,374.71278
-240.86,55.189818,374.13971
-240.87,55.147564,373.56706
-240.88,55.105292,372.99482
-240.89,55.063,372.423
-240.9,55.020689,371.85159
-240.91,54.978358,371.28059
-240.92,54.936008,370.71001
-240.93,54.89364,370.13984
-240.94,54.851255,369.57008
-240.95,54.808852,369.00074
-240.96,54.766433,368.43181
-240.97,54.723998,367.8633
-240.98,54.681547,367.2952
-240.99,54.639081,366.72752
-241,54.596601,366.16025
-241.01,54.554107,365.59339
-241.02,54.5116,365.02695
-241.03,54.46908,364.46093
-241.04,54.426548,363.89533
-241.05,54.384004,363.33013
-241.06,54.34145,362.76536
-241.07,54.298884,362.201
-241.08,54.256309,361.63706
-241.09,54.213724,361.07354
-241.1,54.17113,360.51043
-241.11,54.128528,359.94774
-241.12,54.085918,359.38546
-241.13,54.043301,358.82361
-241.14,54.000678,358.26217
-241.15,53.958048,357.70115
-241.16,53.915412,357.14055
-241.17,53.872771,356.58037
-241.18,53.830126,356.0206
-241.19,53.787477,355.46126
-241.2,53.744825,354.90233
-241.21,53.70217,354.34383
-241.22,53.659512,353.78574
-241.23,53.616853,353.22807
-241.24,53.574192,352.67082
-241.25,53.531531,352.114
-241.26,53.48887,351.55759
-241.27,53.446209,351.0016
-241.28,53.403549,350.44604
-241.29,53.360891,349.89089
-241.3,53.318235,349.33617
-241.31,53.275581,348.78186
-241.32,53.232931,348.22798
-241.33,53.190284,347.67452
-241.34,53.147642,347.12148
-241.35,53.105004,346.56887
-241.36,53.062372,346.01667
-241.37,53.019746,345.4649
-241.38,52.977126,344.91355
-241.39,52.934514,344.36263
-241.4,52.891909,343.81213
-241.41,52.849312,343.26205
-241.42,52.806724,342.71239
-241.43,52.764145,342.16316
-241.44,52.721575,341.61435
-241.45,52.679017,341.06597
-241.46,52.636469,340.51801
-241.47,52.593932,339.97047
-241.48,52.551408,339.42336
-241.49,52.508896,338.87668
-241.5,52.466397,338.33042
-241.51,52.423911,337.78458
-241.52,52.38144,337.23917
-241.53,52.338984,336.69419
-241.54,52.296543,336.14963
-241.55,52.254117,335.6055
-241.56,52.211709,335.06179
-241.57,52.169317,334.51851
-241.58,52.126942,333.97566
-241.59,52.084586,333.43324
-241.6,52.042248,332.89124
-241.61,51.999929,332.34967
-241.62,51.95763,331.80853
-241.63,51.915351,331.26781
-241.64,51.873093,330.72752
-241.65,51.830856,330.18766
-241.66,51.788641,329.64823
-241.67,51.746449,329.10923
-241.68,51.704279,328.57065
-241.69,51.662134,328.03251
-241.7,51.620012,327.49479
-241.71,51.577914,326.95751
-241.72,51.535842,326.42065
-241.73,51.493796,325.88422
-241.74,51.451776,325.34823
-241.75,51.409782,324.81266
-241.76,51.367817,324.27752
-241.77,51.325879,323.74282
-241.78,51.283969,323.20854
-241.79,51.242088,322.6747
-241.8,51.200238,322.14128
-241.81,51.158417,321.6083
-241.82,51.116627,321.07575
-241.83,51.074868,320.54363
-241.84,51.03314,320.01195
-241.85,50.991445,319.48069
-241.86,50.949783,318.94987
-241.87,50.908155,318.41948
-241.88,50.86656,317.88952
-241.89,50.825,317.36
-241.9,50.783475,316.83091
-241.91,50.741983,316.30225
-241.92,50.700523,315.77403
-241.93,50.659093,315.24623
-241.94,50.617693,314.71887
-241.95,50.57632,314.19194
-241.96,50.534973,313.66544
-241.97,50.493651,313.13937
-241.98,50.452351,312.61374
-241.99,50.411073,312.08853
-242,50.369815,311.56375
-242.01,50.328575,311.0394
-242.02,50.287351,310.51548
-242.03,50.246144,309.99199
-242.04,50.20495,309.46893
-242.05,50.163768,308.94629
-242.06,50.122597,308.42408
-242.07,50.081435,307.9023
-242.08,50.040281,307.38095
-242.09,49.999133,306.86002
-242.1,49.95799,306.33952
-242.11,49.916851,305.81944
-242.12,49.875712,305.29979
-242.13,49.834574,304.78056
-242.14,49.793435,304.26176
-242.15,49.752292,303.74339
-242.16,49.711146,303.22543
-242.17,49.669993,302.70791
-242.18,49.628833,302.1908
-242.19,49.587664,301.67412
-242.2,49.546484,301.15786
-242.21,49.505293,300.64202
-242.22,49.464087,300.1266
-242.23,49.422867,299.61161
-242.24,49.381631,299.09703
-242.25,49.340376,298.58288
-242.26,49.299101,298.06915
-242.27,49.257806,297.55583
-242.28,49.216488,297.04294
-242.29,49.175145,296.53047
-242.3,49.133777,296.01841
-242.31,49.092382,295.50678
-242.32,49.050959,294.99556
-242.33,49.009504,294.48476
-242.34,48.968019,293.97438
-242.35,48.9265,293.46441
-242.36,48.884946,292.95486
-242.37,48.843356,292.44573
-242.38,48.801728,291.93702
-242.39,48.76006,291.42872
-242.4,48.718352,290.92083
-242.41,48.676602,290.41336
-242.42,48.634808,289.90631
-242.43,48.592968,289.39967
-242.44,48.551081,288.89344
-242.45,48.509146,288.38763
-242.46,48.467161,287.88223
-242.47,48.425124,287.37724
-242.48,48.383035,286.87267
-242.49,48.340891,286.36851
-242.5,48.298691,285.86476
-242.51,48.256433,285.36142
-242.52,48.214116,284.85849
-242.53,48.171739,284.35598
-242.54,48.1293,283.85387
-242.55,48.086797,283.35218
-242.56,48.044228,282.85089
-242.57,48.001594,282.35001
-242.58,47.958891,281.84955
-242.59,47.916118,281.34949
-242.6,47.873274,280.84984
-242.61,47.830357,280.35059
-242.62,47.787366,279.85176
-242.63,47.7443,279.35333
-242.64,47.701156,278.85531
-242.65,47.657933,278.3577
-242.66,47.61463,277.86049
-242.67,47.571245,277.36369
-242.68,47.527777,276.86729
-242.69,47.484224,276.3713
-242.7,47.440584,275.87571
-242.71,47.396857,275.38053
-242.72,47.35304,274.88575
-242.73,47.309132,274.39138
-242.74,47.265132,273.89741
-242.75,47.221038,273.40384
-242.76,47.176848,272.91067
-242.77,47.132561,272.41791
-242.78,47.088176,271.92555
-242.79,47.043691,271.43359
-242.8,46.999104,270.94203
-242.81,46.954414,270.45087
-242.82,46.909619,269.96011
-242.83,46.864718,269.46976
-242.84,46.81971,268.9798
-242.85,46.774592,268.49024
-242.86,46.729364,268.00108
-242.87,46.684024,267.51232
-242.88,46.638569,267.02396
-242.89,46.593,266.536
-242.9,46.547314,266.04843
-242.91,46.501514,265.56127
-242.92,46.455602,265.0745
-242.93,46.409579,264.58814
-242.94,46.363448,264.10217
-242.95,46.317211,263.61661
-242.96,46.27087,263.13146
-242.97,46.224428,262.64671
-242.98,46.177886,262.16237
-242.99,46.131247,261.67843
-243,46.084513,261.19491
-243.01,46.037686,260.7118
-243.02,45.990768,260.22909
-243.03,45.943762,259.74681
-243.04,45.896669,259.26493
-243.05,45.849491,258.78347
-243.06,45.802232,258.30243
-243.07,45.754892,257.8218
-243.08,45.707475,257.34159
-243.09,45.659982,256.86181
-243.1,45.612416,256.38244
-243.11,45.564778,255.9035
-243.12,45.517071,255.42498
-243.13,45.469297,254.94688
-243.14,45.421458,254.46921
-243.15,45.373557,253.99197
-243.16,45.325595,253.51515
-243.17,45.277575,253.03877
-243.18,45.229498,252.56281
-243.19,45.181368,252.08729
-243.2,45.133185,251.6122
-243.21,45.084953,251.13754
-243.22,45.036674,250.66332
-243.23,44.988349,250.18953
-243.24,44.939981,249.71618
-243.25,44.891571,249.24328
-243.26,44.843123,248.77081
-243.27,44.794639,248.29878
-243.28,44.746119,247.82719
-243.29,44.697567,247.35605
-243.3,44.648985,246.88535
-243.31,44.600375,246.4151
-243.32,44.55174,245.94529
-243.33,44.50308,245.47593
-243.34,44.454399,245.00702
-243.35,44.405698,244.53856
-243.36,44.35698,244.07056
-243.37,44.308247,243.603
-243.38,44.259501,243.1359
-243.39,44.210744,242.66926
-243.4,44.161979,242.20307
-243.41,44.113207,241.73733
-243.42,44.064431,241.27206
-243.43,44.015653,240.80725
-243.44,43.966875,240.34289
-243.45,43.9181,239.879
-243.46,43.869328,239.41558
-243.47,43.820563,238.95261
-243.48,43.771807,238.49012
-243.49,43.723062,238.02808
-243.5,43.67433,237.56652
-243.51,43.625612,237.10543
-243.52,43.576913,236.6448
-243.53,43.528233,236.18465
-243.54,43.479574,235.72497
-243.55,43.43094,235.26577
-243.56,43.382331,234.80703
-243.57,43.33375,234.34878
-243.58,43.2852,233.891
-243.59,43.236683,233.4337
-243.6,43.1882,232.97688
-243.61,43.139754,232.52054
-243.62,43.091347,232.06469
-243.63,43.042981,231.60931
-243.64,42.994658,231.15442
-243.65,42.946381,230.70002
-243.66,42.898152,230.2461
-243.67,42.849972,229.79267
-243.68,42.801844,229.33973
-243.69,42.753771,228.88728
-243.7,42.705753,228.43532
-243.71,42.657795,227.98386
-243.72,42.609897,227.53288
-243.73,42.562061,227.0824
-243.74,42.514291,226.63242
-243.75,42.466587,226.18294
-243.76,42.418953,225.73395
-243.77,42.371391,225.28546
-243.78,42.323902,224.83748
-243.79,42.276489,224.38999
-243.8,42.229153,223.94301
-243.81,42.181898,223.49653
-243.82,42.134725,223.05056
-243.83,42.087637,222.60509
-243.84,42.040635,222.16013
-243.85,41.993722,221.71569
-243.86,41.9469,221.27175
-243.87,41.90017,220.82832
-243.88,41.853537,220.3854
-243.89,41.807,219.943
-243.9,41.760562,219.50111
-243.91,41.714223,219.05974
-243.92,41.66798,218.61888
-243.93,41.621831,218.17853
-243.94,41.575776,217.73869
-243.95,41.529813,217.29936
-243.96,41.48394,216.86054
-243.97,41.438156,216.42223
-243.98,41.392458,215.98442
-243.99,41.346846,215.54712
-244,41.301318,215.11032
-244.01,41.255872,214.67403
-244.02,41.210507,214.23824
-244.03,41.165221,213.80296
-244.04,41.120013,213.36817
-244.05,41.074881,212.93388
-244.06,41.029824,212.5001
-244.07,40.984839,212.06681
-244.08,40.939926,211.63401
-244.09,40.895082,211.20171
-244.1,40.850307,210.76991
-244.11,40.805598,210.3386
-244.12,40.760955,209.90779
-244.13,40.716375,209.47746
-244.14,40.671857,209.04763
-244.15,40.627399,208.61829
-244.16,40.583,208.18943
-244.17,40.538659,207.76106
-244.18,40.494373,207.33318
-244.19,40.450141,206.90579
-244.2,40.405962,206.47888
-244.21,40.361834,206.05245
-244.22,40.317755,205.62651
-244.23,40.273724,205.20105
-244.24,40.22974,204.77607
-244.25,40.1858,204.35157
-244.26,40.141903,203.92755
-244.27,40.098048,203.504
-244.28,40.054233,203.08093
-244.29,40.010457,202.65834
-244.3,39.966717,202.23623
-244.31,39.923013,201.81458
-244.32,39.879342,201.39342
-244.33,39.835704,200.97272
-244.34,39.792096,200.55249
-244.35,39.748517,200.13273
-244.36,39.704966,199.71345
-244.37,39.661441,199.29463
-244.38,39.61794,198.87627
-244.39,39.574462,198.45838
-244.4,39.531005,198.04096
-244.41,39.487568,197.624
-244.42,39.444149,197.20751
-244.43,39.400746,196.79147
-244.44,39.357359,196.3759
-244.45,39.313984,195.96079
-244.46,39.270622,195.54613
-244.47,39.22727,195.13194
-244.48,39.183927,194.7182
-244.49,39.14059,194.30491
-244.5,39.09726,193.89209
-244.51,39.053933,193.47971
-244.52,39.010609,193.06779
-244.53,38.967285,192.65632
-244.54,38.923961,192.2453
-244.55,38.880635,191.83473
-244.56,38.837304,191.42461
-244.57,38.793969,191.01494
-244.58,38.750626,190.60572
-244.59,38.707275,190.19694
-244.6,38.663914,189.7886
-244.61,38.620541,189.38071
-244.62,38.577155,188.97327
-244.63,38.533754,188.56626
-244.64,38.490336,188.1597
-244.65,38.446901,187.75357
-244.66,38.403446,187.34789
-244.67,38.35997,186.94264
-244.68,38.316472,186.53783
-244.69,38.272949,186.13346
-244.7,38.229401,185.72952
-244.71,38.185825,185.32601
-244.72,38.14222,184.92294
-244.73,38.098585,184.5203
-244.74,38.054918,184.11809
-244.75,38.011217,183.71631
-244.76,37.967481,183.31496
-244.77,37.923708,182.91404
-244.78,37.879897,182.51355
-244.79,37.836046,182.11348
-244.8,37.792154,181.71383
-244.81,37.748219,181.31461
-244.82,37.704239,180.91582
-244.83,37.660213,180.51744
-244.84,37.616139,180.11949
-244.85,37.572016,179.72195
-244.86,37.527842,179.32484
-244.87,37.483616,178.92814
-244.88,37.439336,178.53186
-244.89,37.395,178.136
-244.9,37.350608,177.74055
-244.91,37.306159,177.34552
-244.92,37.261656,176.9509
-244.93,37.217098,176.5567
-244.94,37.172488,176.16292
-244.95,37.127826,175.76956
-244.96,37.083113,175.37661
-244.97,37.03835,174.98409
-244.98,36.993539,174.59198
-244.99,36.94868,174.20029
-245,36.903775,173.80903
-245.01,36.858824,173.41818
-245.02,36.813828,173.02776
-245.03,36.76879,172.63776
-245.04,36.723709,172.24818
-245.05,36.678586,171.85903
-245.06,36.633424,171.4703
-245.07,36.588222,171.08199
-245.08,36.542982,170.69412
-245.09,36.497705,170.30666
-245.1,36.452393,169.91964
-245.11,36.407045,169.53304
-245.12,36.361663,169.14686
-245.13,36.316249,168.76112
-245.14,36.270802,168.37581
-245.15,36.225325,167.99092
-245.16,36.179819,167.60646
-245.17,36.134284,167.22244
-245.18,36.088721,166.83884
-245.19,36.043131,166.45568
-245.2,35.997517,166.07295
-245.21,35.951878,165.69065
-245.22,35.906215,165.30879
-245.23,35.86053,164.92736
-245.24,35.814825,164.54636
-245.25,35.769098,164.1658
-245.26,35.723353,163.78568
-245.27,35.67759,163.40599
-245.28,35.63181,163.02674
-245.29,35.586014,162.64792
-245.3,35.540203,162.26955
-245.31,35.494378,161.89161
-245.32,35.44854,161.51411
-245.33,35.402691,161.13705
-245.34,35.356831,160.76043
-245.35,35.310961,160.38425
-245.36,35.265083,160.00851
-245.37,35.219197,159.63322
-245.38,35.173305,159.25837
-245.39,35.127408,158.88396
-245.4,35.081506,158.50999
-245.41,35.035601,158.13647
-245.42,34.989694,157.76339
-245.43,34.943785,157.39076
-245.44,34.897877,157.01857
-245.45,34.851969,156.64683
-245.46,34.806063,156.27554
-245.47,34.760161,155.9047
-245.48,34.714262,155.5343
-245.49,34.668369,155.16435
-245.5,34.622482,154.79485
-245.51,34.576602,154.42581
-245.52,34.530731,154.05721
-245.53,34.484869,153.68906
-245.54,34.439018,153.32137
-245.55,34.393178,152.95412
-245.56,34.34735,152.58733
-245.57,34.301536,152.221
-245.58,34.255737,151.85511
-245.59,34.209954,151.48968
-245.6,34.164187,151.12471
-245.61,34.118438,150.76019
-245.62,34.072708,150.39613
-245.63,34.026998,150.03253
-245.64,33.981309,149.66938
-245.65,33.935642,149.30669
-245.66,33.889999,148.94446
-245.67,33.844379,148.58269
-245.68,33.798785,148.22137
-245.69,33.753216,147.86052
-245.7,33.707676,147.50013
-245.71,33.662163,147.1402
-245.72,33.61668,146.78073
-245.73,33.571228,146.42173
-245.74,33.525807,146.06318
-245.75,33.480419,145.70511
-245.76,33.435064,145.34749
-245.77,33.389745,144.99034
-245.78,33.344461,144.63366
-245.79,33.299213,144.27744
-245.8,33.254004,143.92168
-245.81,33.208834,143.5664
-245.82,33.163703,143.21158
-245.83,33.118614,142.85723
-245.84,33.073567,142.50335
-245.85,33.028563,142.14994
-245.86,32.983603,141.797
-245.87,32.938689,141.44453
-245.88,32.893821,141.09253
-245.89,32.849,140.741
-245.9,32.804227,140.38994
-245.91,32.759503,140.03936
-245.92,32.714826,139.68925
-245.93,32.670196,139.3396
-245.94,32.625614,138.99043
-245.95,32.581077,138.64173
-245.96,32.536586,138.2935
-245.97,32.492141,137.94573
-245.98,32.447741,137.59844
-245.99,32.403386,137.25161
-246,32.359075,136.90525
-246.01,32.314808,136.55935
-246.02,32.270584,136.21392
-246.03,32.226404,135.86896
-246.04,32.182266,135.52447
-246.05,32.13817,135.18043
-246.06,32.094116,134.83687
-246.07,32.050103,134.49376
-246.08,32.006131,134.15113
-246.09,31.9622,133.80895
-246.1,31.918309,133.46723
-246.11,31.874457,133.12598
-246.12,31.830645,132.78519
-246.13,31.786872,132.44486
-246.14,31.743137,132.10499
-246.15,31.69944,131.76559
-246.16,31.655781,131.42664
-246.17,31.612158,131.08815
-246.18,31.568573,130.75011
-246.19,31.525024,130.41254
-246.2,31.481511,130.07543
-246.21,31.438033,129.73877
-246.22,31.394591,129.40257
-246.23,31.351183,129.06682
-246.24,31.307809,128.73153
-246.25,31.26447,128.3967
-246.26,31.221163,128.06232
-246.27,31.17789,127.72839
-246.28,31.134649,127.39492
-246.29,31.091441,127.0619
-246.3,31.048264,126.72933
-246.31,31.005118,126.39722
-246.32,30.962004,126.06556
-246.33,30.918919,125.73435
-246.34,30.875865,125.40359
-246.35,30.832841,125.07328
-246.36,30.789846,124.74342
-246.37,30.74688,124.41401
-246.38,30.703942,124.08505
-246.39,30.661032,123.75654
-246.4,30.61815,123.42848
-246.41,30.575295,123.10086
-246.42,30.532466,122.77369
-246.43,30.489664,122.44697
-246.44,30.446888,122.12069
-246.45,30.404137,121.79486
-246.46,30.361412,121.46947
-246.47,30.318711,121.14453
-246.48,30.276034,120.82003
-246.49,30.233381,120.49598
-246.5,30.190751,120.17237
-246.51,30.148145,119.8492
-246.52,30.105561,119.52647
-246.53,30.062999,119.20419
-246.54,30.020459,118.88234
-246.55,29.97794,118.56094
-246.56,29.935442,118.23998
-246.57,29.892965,117.91945
-246.58,29.850507,117.59937
-246.59,29.80807,117.27973
-246.6,29.765651,116.96052
-246.61,29.723251,116.64175
-246.62,29.68087,116.32342
-246.63,29.638507,116.00552
-246.64,29.596161,115.68807
-246.65,29.553832,115.37104
-246.66,29.51152,115.05446
-246.67,29.469225,114.7383
-246.68,29.426945,114.42259
-246.69,29.384681,114.1073
-246.7,29.342432,113.79245
-246.71,29.300197,113.47803
-246.72,29.257977,113.16405
-246.73,29.21577,112.8505
-246.74,29.173577,112.53737
-246.75,29.131397,112.22468
-246.76,29.089229,111.91242
-246.77,29.047073,111.60059
-246.78,29.004929,111.28919
-246.79,28.962797,110.97822
-246.8,28.920675,110.66768
-246.81,28.878564,110.35756
-246.82,28.836463,110.04788
-246.83,28.794371,109.73862
-246.84,28.752289,109.42978
-246.85,28.710215,109.12138
-246.86,28.66815,108.8134
-246.87,28.626092,108.50584
-246.88,28.584043,108.19871
-246.89,28.542,107.892
-246.9,28.499964,107.58572
-246.91,28.457935,107.27986
-246.92,28.415913,106.97442
-246.93,28.373897,106.66941
-246.94,28.331888,106.36482
-246.95,28.289886,106.06065
-246.96,28.247891,105.75691
-246.97,28.205903,105.45359
-246.98,28.163922,105.15069
-246.99,28.121948,104.84822
-247,28.079981,104.54617
-247.01,28.038021,104.24454
-247.02,27.996068,103.94334
-247.03,27.954122,103.64256
-247.04,27.912183,103.3422
-247.05,27.870252,103.04227
-247.06,27.828327,102.74275
-247.07,27.78641,102.44366
-247.08,27.744501,102.145
-247.09,27.702598,101.84675
-247.1,27.660703,101.54893
-247.11,27.618815,101.25153
-247.12,27.576935,100.95455
-247.13,27.535062,100.65799
-247.14,27.493197,100.36186
-247.15,27.451339,100.06615
-247.16,27.409489,99.770857
-247.17,27.367646,99.475989
-247.18,27.325811,99.181543
-247.19,27.283983,98.887519
-247.2,27.242164,98.593916
-247.21,27.200352,98.300736
-247.22,27.158547,98.007976
-247.23,27.116751,97.715639
-247.24,27.074962,97.423722
-247.25,27.033181,97.132228
-247.26,26.991408,96.841154
-247.27,26.949643,96.550502
-247.28,26.907886,96.260271
-247.29,26.866136,95.970461
-247.3,26.824395,95.681072
-247.31,26.782662,95.392104
-247.32,26.740937,95.103557
-247.33,26.69922,94.815431
-247.34,26.657511,94.527726
-247.35,26.61581,94.240441
-247.36,26.574117,93.953577
-247.37,26.532433,93.667134
-247.38,26.490757,93.381111
-247.39,26.449089,93.095509
-247.4,26.40743,92.810327
-247.41,26.365779,92.525565
-247.42,26.324136,92.241224
-247.43,26.282502,91.957303
-247.44,26.240876,91.673802
-247.45,26.199259,91.390721
-247.46,26.15765,91.10806
-247.47,26.11605,90.825819
-247.48,26.074458,90.543998
-247.49,26.032875,90.262596
-247.5,25.991301,89.981614
-247.51,25.949735,89.701052
-247.52,25.908178,89.42091
-247.53,25.86663,89.141187
-247.54,25.825091,88.861884
-247.55,25.78356,88.583
-247.56,25.742038,88.304535
-247.57,25.700526,88.026489
-247.58,25.659022,87.748863
-247.59,25.617527,87.471656
-247.6,25.576041,87.194868
-247.61,25.534564,86.918499
-247.62,25.493096,86.642548
-247.63,25.451637,86.367017
-247.64,25.410187,86.091904
-247.65,25.368746,85.817211
-247.66,25.327315,85.542935
-247.67,25.285893,85.269079
-247.68,25.24448,84.995641
-247.69,25.203076,84.722621
-247.7,25.161682,84.45002
-247.71,25.120297,84.177837
-247.72,25.078921,83.906072
-247.73,25.037555,83.634726
-247.74,24.996198,83.363797
-247.75,24.954851,83.093287
-247.76,24.913513,82.823195
-247.77,24.872184,82.55352
-247.78,24.830866,82.284263
-247.79,24.789556,82.015425
-247.8,24.748257,81.747004
-247.81,24.706967,81.479
-247.82,24.665687,81.211414
-247.83,24.624416,80.944246
-247.84,24.583156,80.677495
-247.85,24.541905,80.411162
-247.86,24.500664,80.145245
-247.87,24.459433,79.879746
-247.88,24.418211,79.614665
-247.89,24.377,79.35
-247.9,24.335798,79.085752
-247.91,24.294606,78.821922
-247.92,24.253423,78.558508
-247.93,24.212247,78.295511
-247.94,24.171079,78.03293
-247.95,24.129917,77.770767
-247.96,24.088762,77.509019
-247.97,24.047611,77.247688
-247.98,24.006466,76.986773
-247.99,23.965324,76.726275
-248,23.924186,76.466192
-248.01,23.88305,76.206525
-248.02,23.841917,75.947274
-248.03,23.800784,75.688439
-248.04,23.759653,75.43002
-248.05,23.718522,75.172016
-248.06,23.677389,74.914428
-248.07,23.636256,74.657255
-248.08,23.595121,74.400497
-248.09,23.553983,74.144154
-248.1,23.512842,73.888226
-248.11,23.471697,73.632714
-248.12,23.430547,73.377616
-248.13,23.389392,73.122933
-248.14,23.348232,72.868664
-248.15,23.307064,72.614811
-248.16,23.26589,72.361371
-248.17,23.224707,72.108346
-248.18,23.183516,71.855735
-248.19,23.142316,71.603539
-248.2,23.101106,71.351756
-248.21,23.059886,71.100388
-248.22,23.018654,70.849433
-248.23,22.97741,70.598892
-248.24,22.936154,70.348764
-248.25,22.894885,70.099051
-248.26,22.853601,69.84975
-248.27,22.812304,69.600863
-248.28,22.770991,69.352389
-248.29,22.729662,69.104329
-248.3,22.688317,68.856681
-248.31,22.646955,68.609447
-248.32,22.605575,68.362625
-248.33,22.564176,68.116216
-248.34,22.522759,67.87022
-248.35,22.481321,67.624636
-248.36,22.439864,67.379465
-248.37,22.398385,67.134706
-248.38,22.356884,66.890359
-248.39,22.315361,66.646425
-248.4,22.273814,66.402902
-248.41,22.232244,66.159792
-248.42,22.19065,65.917093
-248.43,22.149031,65.674806
-248.44,22.107385,65.432931
-248.45,22.065714,65.191468
-248.46,22.024015,64.950416
-248.47,21.982289,64.709775
-248.48,21.940534,64.469545
-248.49,21.89875,64.229727
-248.5,21.856937,63.990319
-248.51,21.815093,63.751323
-248.52,21.773218,63.512738
-248.53,21.731311,63.274563
-248.54,21.689372,63.036799
-248.55,21.647401,62.799445
-248.56,21.605395,62.562502
-248.57,21.563355,62.32597
-248.58,21.52128,62.089847
-248.59,21.47917,61.854135
-248.6,21.437023,61.618833
-248.61,21.394839,61.383941
-248.62,21.352618,61.149458
-248.63,21.310358,60.915386
-248.64,21.268059,60.681723
-248.65,21.225721,60.448469
-248.66,21.183343,60.215626
-248.67,21.140923,59.983191
-248.68,21.098462,59.751166
-248.69,21.055959,59.51955
-248.7,21.013412,59.288343
-248.71,20.970822,59.057545
-248.72,20.928188,58.827156
-248.73,20.885509,58.597175
-248.74,20.842785,58.367603
-248.75,20.800014,58.13844
-248.76,20.757197,57.909686
-248.77,20.714331,57.681339
-248.78,20.671418,57.453401
-248.79,20.628456,57.225871
-248.8,20.585444,56.99875
-248.81,20.542382,56.772036
-248.82,20.499269,56.54573
-248.83,20.456105,56.319832
-248.84,20.412888,56.094341
-248.85,20.369619,55.869258
-248.86,20.326296,55.644583
-248.87,20.282919,55.420314
-248.88,20.239487,55.196454
-248.89,20.196,54.973
-248.9,20.152457,54.749954
-248.91,20.108859,54.527315
-248.92,20.065207,54.305084
-248.93,20.021502,54.083262
-248.94,19.977746,53.86185
-248.95,19.933939,53.640847
-248.96,19.890084,53.420255
-248.97,19.84618,53.200073
-248.98,19.802229,52.980304
-248.99,19.758232,52.760946
-249,19.714191,52.542001
-249.01,19.670106,52.32347
-249.02,19.625978,52.105352
-249.03,19.58181,51.887649
-249.04,19.537601,51.67036
-249.05,19.493354,51.453487
-249.06,19.449069,51.23703
-249.07,19.404747,51.02099
-249.08,19.360389,50.805367
-249.09,19.315998,50.590162
-249.1,19.271573,50.375375
-249.11,19.227116,50.161006
-249.12,19.182628,49.947058
-249.13,19.13811,49.733529
-249.14,19.093564,49.520421
-249.15,19.04899,49.307734
-249.16,19.00439,49.095469
-249.17,18.959765,48.883625
-249.18,18.915116,48.672205
-249.19,18.870444,48.461208
-249.2,18.82575,48.250635
-249.21,18.781036,48.040487
-249.22,18.736302,47.830763
-249.23,18.69155,47.621465
-249.24,18.646781,47.412594
-249.25,18.601996,47.204149
-249.26,18.557196,46.996131
-249.27,18.512382,46.788541
-249.28,18.467556,46.58138
-249.29,18.422718,46.374648
-249.3,18.37787,46.168345
-249.31,18.333013,45.962472
-249.32,18.288149,45.75703
-249.33,18.243277,45.552019
-249.34,18.1984,45.34744
-249.35,18.153518,45.143294
-249.36,18.108632,44.93958
-249.37,18.063745,44.7363
-249.38,18.018856,44.533453
-249.39,17.973968,44.331042
-249.4,17.929081,44.129065
-249.41,17.884196,43.927525
-249.42,17.839315,43.72642
-249.43,17.794438,43.525753
-249.44,17.749567,43.325523
-249.45,17.704703,43.12573
-249.46,17.659847,42.926377
-249.47,17.615001,42.727462
-249.48,17.570165,42.528987
-249.49,17.52534,42.330953
-249.5,17.480528,42.133359
-249.51,17.43573,41.936206
-249.52,17.390947,41.739496
-249.53,17.34618,41.543228
-249.54,17.301431,41.347402
-249.55,17.2567,41.152021
-249.56,17.211988,40.957084
-249.57,17.167297,40.762591
-249.58,17.122628,40.568544
-249.59,17.077982,40.374942
-249.6,17.033361,40.181787
-249.61,16.988764,39.989079
-249.62,16.944194,39.796818
-249.63,16.899652,39.605006
-249.64,16.855138,39.413642
-249.65,16.810654,39.222727
-249.66,16.766202,39.032262
-249.67,16.721781,38.842248
-249.68,16.677394,38.652684
-249.69,16.633041,38.463572
-249.7,16.588725,38.274912
-249.71,16.544444,38.086704
-249.72,16.500202,37.89895
-249.73,16.455999,37.711649
-249.74,16.411836,37.524802
-249.75,16.367714,37.338411
-249.76,16.323635,37.152475
-249.77,16.2796,36.966994
-249.78,16.23561,36.781971
-249.79,16.191665,36.597404
-249.8,16.147768,36.413295
-249.81,16.103918,36.229644
-249.82,16.060119,36.046452
-249.83,16.016369,35.863719
-249.84,15.972672,35.681446
-249.85,15.929027,35.499634
-249.86,15.885437,35.318282
-249.87,15.841901,35.137393
-249.88,15.798422,34.956965
-249.89,15.755,34.777
-249.9,15.711636,34.597498
-249.91,15.668328,34.418459
-249.92,15.625072,34.239882
-249.93,15.581865,34.061766
-249.94,15.538705,33.884111
-249.95,15.495588,33.706917
-249.96,15.452512,33.530182
-249.97,15.409472,33.353907
-249.98,15.366467,33.17809
-249.99,15.323493,33.002731
-250,15.280547,32.827829
-250.01,15.237626,32.653384
-250.02,15.194726,32.479395
-250.03,15.151846,32.305862
-250.04,15.108981,32.132784
-250.05,15.066129,31.960161
-250.06,15.023286,31.787991
-250.07,14.980451,31.616275
-250.08,14.937618,31.445011
-250.09,14.894787,31.274199
-250.1,14.851952,31.103839
-250.11,14.809112,30.93393
-250.12,14.766264,30.764471
-250.13,14.723403,30.595462
-250.14,14.680528,30.426902
-250.15,14.637635,30.25879
-250.16,14.594721,30.091127
-250.17,14.551783,29.923911
-250.18,14.508818,29.757142
-250.19,14.465823,29.590819
-250.2,14.422795,29.424941
-250.21,14.379731,29.259509
-250.22,14.336627,29.094521
-250.23,14.293481,28.929977
-250.24,14.250289,28.765876
-250.25,14.20705,28.602218
-250.26,14.163758,28.439002
-250.27,14.120412,28.276228
-250.28,14.077009,28.113894
-250.29,14.033544,27.952001
-250.3,13.990017,27.790547
-250.31,13.946422,27.629533
-250.32,13.902757,27.468957
-250.33,13.85902,27.30882
-250.34,13.815206,27.149119
-250.35,13.771314,26.989856
-250.36,13.727339,26.831028
-250.37,13.683279,26.672637
-250.38,13.639131,26.51468
-250.39,13.594892,26.357158
-250.4,13.550559,26.20007
-250.41,13.506128,26.043415
-250.42,13.461597,25.887192
-250.43,13.416962,25.731402
-250.44,13.372221,25.576044
-250.45,13.32737,25.421116
-250.46,13.282406,25.266619
-250.47,13.237327,25.112551
-250.48,13.192129,24.958912
-250.49,13.146809,24.805703
-250.5,13.101364,24.652921
-250.51,13.055791,24.500566
-250.52,13.010087,24.348639
-250.53,12.96425,24.197137
-250.54,12.918275,24.046061
-250.55,12.872159,23.895411
-250.56,12.825901,23.745185
-250.57,12.779496,23.595382
-250.58,12.732942,23.446003
-250.59,12.686236,23.297047
-250.6,12.639374,23.148513
-250.61,12.592353,23.0004
-250.62,12.545171,22.852708
-250.63,12.497825,22.705437
-250.64,12.45031,22.558585
-250.65,12.402625,22.412153
-250.66,12.354766,22.266139
-250.67,12.30673,22.120543
-250.68,12.258514,21.975365
-250.69,12.210115,21.830603
-250.7,12.161531,21.686258
-250.71,12.112757,21.542328
-250.72,12.06379,21.398813
-250.73,12.014629,21.255713
-250.74,11.965269,21.113027
-250.75,11.915708,20.970754
-250.76,11.865943,20.828894
-250.77,11.81597,20.687445
-250.78,11.765786,20.546409
-250.79,11.715389,20.405783
-250.8,11.664776,20.265568
-250.81,11.613943,20.125762
-250.82,11.562886,19.986366
-250.83,11.511605,19.847378
-250.84,11.460094,19.708799
-250.85,11.408351,19.570627
-250.86,11.356373,19.432861
-250.87,11.304158,19.295502
-250.88,11.251701,19.158548
-250.89,11.199,19.022
-250.9,11.146053,18.885857
-250.91,11.092863,18.75012
-250.92,11.039435,18.614793
-250.93,10.985772,18.479878
-250.94,10.931879,18.345377
-250.95,10.87776,18.211293
-250.96,10.823419,18.077629
-250.97,10.768862,17.944386
-250.98,10.714091,17.811568
-250.99,10.659112,17.679177
-251,10.603928,17.547214
-251.01,10.548545,17.415684
-251.02,10.492965,17.284588
-251.03,10.437194,17.153928
-251.04,10.381235,17.023708
-251.05,10.325094,16.893929
-251.06,10.268774,16.764595
-251.07,10.212279,16.635707
-251.08,10.155614,16.507268
-251.09,10.098783,16.379281
-251.1,10.041791,16.251748
-251.11,9.9846416,16.124671
-251.12,9.9273389,15.998054
-251.13,9.8698875,15.871898
-251.14,9.8122917,15.746206
-251.15,9.7545556,15.62098
-251.16,9.6966836,15.496224
-251.17,9.63868,15.371938
-251.18,9.5805491,15.248127
-251.19,9.5222951,15.124792
-251.2,9.4639223,15.001936
-251.21,9.4054349,14.879561
-251.22,9.3468374,14.75767
-251.23,9.2881339,14.636266
-251.24,9.2293288,14.51535
-251.25,9.1704262,14.394925
-251.26,9.1114306,14.274995
-251.27,9.0523461,14.15556
-251.28,8.9931771,14.036624
-251.29,8.9339278,13.918189
-251.3,8.8746026,13.800258
-251.31,8.8152057,13.682833
-251.32,8.7557413,13.565917
-251.33,8.6962138,13.449511
-251.34,8.6366274,13.33362
-251.35,8.5769865,13.218244
-251.36,8.5172953,13.103387
-251.37,8.4575581,12.989051
-251.38,8.3977791,12.875238
-251.39,8.3379627,12.761951
-251.4,8.2781131,12.649193
-251.41,8.2182346,12.536965
-251.42,8.1583315,12.425271
-251.43,8.0984081,12.314113
-251.44,8.0384687,12.203494
-251.45,7.9785174,12.093415
-251.46,7.9185587,11.983879
-251.47,7.8585968,11.874889
-251.48,7.798636,11.766448
-251.49,7.7386805,11.658557
-251.5,7.6787347,11.551219
-251.51,7.6188027,11.444438
-251.52,7.558889,11.338214
-251.53,7.4989978,11.232551
-251.54,7.4391333,11.127451
-251.55,7.3792999,11.022917
-251.56,7.3195018,10.918951
-251.57,7.2597433,10.815555
-251.58,7.2000287,10.712733
-251.59,7.1403622,10.610486
-251.6,7.0807482,10.508817
-251.61,7.021191,10.407728
-251.62,6.9616947,10.307223
-251.63,6.9022637,10.207303
-251.64,6.8429023,10.107971
-251.65,6.7836148,10.009229
-251.66,6.7244054,9.9110805
-251.67,6.6652784,9.8135271
-251.68,6.6062381,9.7165716
-251.69,6.5472888,9.6202164
-251.7,6.4884347,9.5244641
-251.71,6.4296802,9.429317
-251.72,6.3710295,9.3347777
-251.73,6.3124869,9.2408486
-251.74,6.2540566,9.1475322
-251.75,6.1957431,9.0548311
-251.76,6.1375505,8.9627477
-251.77,6.0794831,8.8712844
-251.78,6.0215452,8.7804437
-251.79,5.9637411,8.6902282
-251.8,5.906075,8.6006403
-251.81,5.8485513,8.5116824
-251.82,5.7911743,8.4233571
-251.83,5.7339481,8.3356669
-251.84,5.6768771,8.2486141
-251.85,5.6199656,8.1622014
-251.86,5.5632179,8.0764311
-251.87,5.5066382,7.9913058
-251.88,5.4502308,7.906828
-251.89,5.394,7.823
-251.9,5.33795,7.7398237
-251.91,5.2820844,7.657298
-251.92,5.2264068,7.575421
-251.93,5.1709208,7.4941908
-251.94,5.1156299,7.4136058
-251.95,5.0605378,7.3336639
-251.96,5.0056479,7.2543634
-251.97,4.9509639,7.1757025
-251.98,4.8964893,7.0976793
-251.99,4.8422278,7.020292
-252,4.7881827,6.9435387
-252.01,4.7343578,6.8674177
-252.02,4.6807566,6.791927
-252.03,4.6273827,6.7170648
-252.04,4.5742396,6.6428294
-252.05,4.5213309,6.5692188
-252.06,4.4686601,6.4962313
-252.07,4.416231,6.423865
-252.08,4.3640469,6.3521181
-252.09,4.3121115,6.2809887
-252.1,4.2604283,6.210475
-252.11,4.2090009,6.1405751
-252.12,4.1578329,6.0712873
-252.13,4.1069279,6.0026097
-252.14,4.0562894,5.9345405
-252.15,4.005921,5.8670778
-252.16,3.9558262,5.8002198
-252.17,3.9060086,5.7339646
-252.18,3.8564719,5.6683105
-252.19,3.8072195,5.6032556
-252.2,3.758255,5.538798
-252.21,3.709582,5.474936
-252.22,3.6612041,5.4116676
-252.23,3.6131248,5.3489911
-252.24,3.5653477,5.2869046
-252.25,3.5178764,5.2254063
-252.26,3.4707144,5.1644944
-252.27,3.4238653,5.104167
-252.28,3.3773327,5.0444222
-252.29,3.3311202,4.9852583
-252.3,3.2852312,4.9266735
-252.31,3.2396695,4.8686658
-252.32,3.1944384,4.8112334
-252.33,3.1495417,4.7543746
-252.34,3.1049829,4.6980874
-252.35,3.0607655,4.6423701
-252.36,3.0168932,4.5872208
-252.37,2.9733694,4.5326376
-252.38,2.9301978,4.4786188
-252.39,2.887382,4.4251625
-252.4,2.8449254,4.3722669
-252.41,2.8028317,4.3199301
-252.42,2.7611044,4.2681503
-252.43,2.7197471,4.2169257
-252.44,2.6787634,4.1662544
-252.45,2.6381568,4.1161346
-252.46,2.5979309,4.0665644
-252.47,2.5580893,4.0175421
-252.48,2.5186355,3.9690658
-252.49,2.4795732,3.9211337
-252.5,2.4409058,3.8737439
-252.51,2.402637,3.8268945
-252.52,2.3647703,3.7805838
-252.53,2.3273092,3.73481
-252.54,2.2902575,3.6895711
-252.55,2.2536185,3.6448654
-252.56,2.2173959,3.600691
-252.57,2.1815933,3.5570461
-252.58,2.1462142,3.5139289
-252.59,2.1112622,3.4713374
-252.6,2.0767409,3.42927
-252.61,2.0426538,3.3877247
-252.62,2.0090045,3.3466997
-252.63,1.9757966,3.3061931
-252.64,1.9430335,3.2662033
-252.65,1.9107191,3.2267282
-252.66,1.8788566,3.1877661
-252.67,1.8474498,3.1493152
-252.68,1.8165023,3.1113735
-252.69,1.7860175,3.0739393
-252.7,1.755999,3.0370108
-252.71,1.7264505,3.0005861
-252.72,1.6973754,2.9646633
-252.73,1.6687774,2.9292407
-252.74,1.64066,2.8943164
-252.75,1.6130268,2.8598885
-252.76,1.5858814,2.8259553
-252.77,1.5592273,2.7925148
-252.78,1.533068,2.7595654
-252.79,1.5074073,2.727105
-252.8,1.4822485,2.695132
-252.81,1.4575954,2.6636444
-252.82,1.4334514,2.6326404
-252.83,1.4098202,2.6021182
-252.84,1.3867052,2.572076
-252.85,1.3641102,2.5425119
-252.86,1.3420386,2.5134241
-252.87,1.3204939,2.4848107
-252.88,1.2994799,2.45667
-252.89,1.279,2.429
-252.9,1.2590561,2.4017984
-252.91,1.2396431,2.3750605
-252.92,1.2207541,2.348781
-252.93,1.2023823,2.3229545
-252.94,1.1845209,2.2975759
-252.95,1.1671631,2.2726399
-252.96,1.1503021,2.2481411
-252.97,1.1339309,2.2240742
-252.98,1.1180428,2.2004341
-252.99,1.1026309,2.1772154
-253,1.0876885,2.1544128
-253.01,1.0732086,2.1320211
-253.02,1.0591845,2.110035
-253.03,1.0456092,2.0884491
-253.04,1.0324761,2.0672583
-253.05,1.0197783,2.0464572
-253.06,1.0075088,2.0260405
-253.07,0.99566097,2.006003
-253.08,0.98422789,1.9863394
-253.09,0.97320274,1.9670444
-253.1,0.9625787,1.9481127
-253.11,0.95234894,1.929539
-253.12,0.94250662,1.9113181
-253.13,0.93304491,1.8934447
-253.14,0.92395699,1.8759135
-253.15,0.91523602,1.8587192
-253.16,0.90687517,1.8418565
-253.17,0.89886761,1.8253202
-253.18,0.89120651,1.809105
-253.19,0.88388505,1.7932055
-253.2,0.87689639,1.7776165
-253.21,0.87023369,1.7623328
-253.22,0.86389014,1.7473491
-253.23,0.8578589,1.7326599
-253.24,0.85213313,1.7182602
-253.25,0.84670601,1.7041446
-253.26,0.84157072,1.6903078
-253.27,0.83672041,1.6767445
-253.28,0.83214825,1.6634495
-253.29,0.82784743,1.6504175
-253.3,0.8238111,1.6376431
-253.31,0.82003244,1.6251212
-253.32,0.81650461,1.6128464
-253.33,0.81322079,1.6008134
-253.34,0.81017414,1.5890171
-253.35,0.80735784,1.577452
-253.36,0.80476505,1.5661129
-253.37,0.80238894,1.5549945
-253.38,0.80022269,1.5440916
-253.39,0.79825946,1.5333989
-253.4,0.79649243,1.522911
-253.41,0.79491475,1.5126227
-253.42,0.79351961,1.5025288
-253.43,0.79230017,1.4926238
-253.44,0.7912496,1.4829027
-253.45,0.79036107,1.47336
-253.46,0.78962775,1.4639905
-253.47,0.78904281,1.4547889
-253.48,0.78859942,1.44575
-253.49,0.78829074,1.4368684
-253.5,0.78810996,1.4281388
-253.51,0.78805023,1.4195561
-253.52,0.78810473,1.4111148
-253.53,0.78826663,1.4028098
-253.54,0.78852909,1.3946357
-253.55,0.78888529,1.3865873
-253.56,0.7893284,1.3786593
-253.57,0.78985158,1.3708463
-253.58,0.79044801,1.3631432
-253.59,0.79111085,1.3555446
-253.6,0.79183328,1.3480453
-253.61,0.79260845,1.3406399
-253.62,0.79342956,1.3333232
-253.63,0.79428975,1.3260899
-253.64,0.79518221,1.3189348
-253.65,0.7961001,1.3118525
-253.66,0.79703659,1.3048378
-253.67,0.79798485,1.2978853
-253.68,0.79893806,1.2909899
-253.69,0.79988937,1.2841462
-253.7,0.80083197,1.2773489
-253.71,0.80175901,1.2705928
-253.72,0.80266367,1.2638725
-253.73,0.80353912,1.2571829
-253.74,0.80437853,1.2505186
-253.75,0.80517507,1.2438743
-253.76,0.80592191,1.2372447
-253.77,0.80661221,1.2306246
-253.78,0.80723915,1.2240088
-253.79,0.80779589,1.2173918
-253.8,0.80827561,1.2107684
-253.81,0.80867148,1.2041334
-253.82,0.80897666,1.1974815
-253.83,0.80918433,1.1908073
-253.84,0.80928765,1.1841056
-253.85,0.80927979,1.1773712
-253.86,0.80915393,1.1705987
-253.87,0.80890323,1.1637828
-253.88,0.80852086,1.1569184
-253.89,0.808,1.15
-253.9,0.80733523,1.1430235
-253.91,0.80652682,1.1359889
-253.92,0.80557646,1.1288973
-253.93,0.80448585,1.1217498
-253.94,0.80325668,1.1145475
-253.95,0.80189063,1.1072915
-253.96,0.80038941,1.0999829
-253.97,0.79875469,1.0926228
-253.98,0.79698818,1.0852122
-253.99,0.79509156,1.0777524
-254,0.79306653,1.0702443
-254.01,0.79091477,1.062689
-254.02,0.78863798,1.0550878
-254.03,0.78623784,1.0474416
-254.04,0.78371606,1.0397515
-254.05,0.78107431,1.0320187
-254.06,0.7783143,1.0242442
-254.07,0.77543772,1.0164292
-254.08,0.77244624,1.0085747
-254.09,0.76934158,1.0006819
-254.1,0.76612541,0.99275178
-254.11,0.76279943,0.98478549
-254.12,0.75936533,0.97678412
-254.13,0.7558248,0.96874877
-254.14,0.75217953,0.96068054
-254.15,0.74843122,0.95258052
-254.16,0.74458155,0.9444498
-254.17,0.74063222,0.93628948
-254.18,0.73658492,0.92810066
-254.19,0.73244133,0.91988443
-254.2,0.72820316,0.91164189
-254.21,0.72387208,0.90337413
-254.22,0.7194498,0.89508226
-254.23,0.714938,0.88676736
-254.24,0.71033838,0.87843054
-254.25,0.70565263,0.87007288
-254.26,0.70088243,0.86169549
-254.27,0.69602949,0.85329946
-254.28,0.69109548,0.84488588
-254.29,0.6860821,0.83645586
-254.3,0.68099105,0.82801048
-254.31,0.67582401,0.81955084
-254.32,0.67058268,0.81107805
-254.33,0.66526875,0.80259319
-254.34,0.6598839,0.79409736
-254.35,0.65442983,0.78559166
-254.36,0.64890823,0.77707718
-254.37,0.6433208,0.76855502
-254.38,0.63766922,0.76002628
-254.39,0.63195518,0.75149205
-254.4,0.62618038,0.74295342
-254.41,0.6203465,0.73441149
-254.42,0.61445525,0.72586737
-254.43,0.6085083,0.71732213
-254.44,0.60250736,0.70877689
-254.45,0.5964541,0.70023273
-254.46,0.59035023,0.69169075
-254.47,0.58419744,0.68315205
-254.48,0.57799741,0.67461773
-254.49,0.57175184,0.66608887
-254.5,0.56546242,0.65756658
-254.51,0.55913084,0.64905195
-254.52,0.55275878,0.64054608
-254.53,0.54634796,0.63205006
-254.54,0.53990004,0.62356499
-254.55,0.53341673,0.61509196
-254.56,0.52689972,0.60663207
-254.57,0.52035069,0.59818642
-254.58,0.51377135,0.5897561
-254.59,0.50716337,0.58134221
-254.6,0.50052846,0.57294584
-254.61,0.49386829,0.56456809
-254.62,0.48718458,0.55621006
-254.63,0.48047899,0.54787284
-254.64,0.47375324,0.53955753
-254.65,0.467009,0.53126522
-254.66,0.46024797,0.52299701
-254.67,0.45347184,0.51475399
-254.68,0.4466823,0.50653727
-254.69,0.43988105,0.49834793
-254.7,0.43306977,0.49018707
-254.71,0.42625016,0.48205579
-254.72,0.4194239,0.47395519
-254.73,0.41259269,0.46588636
-254.74,0.40575822,0.45785039
-254.75,0.39892219,0.44984838
-254.76,0.39208627,0.44188144
-254.77,0.38525217,0.43395064
-254.78,0.37842157,0.4260571
-254.79,0.37159617,0.4182019
-254.8,0.36477765,0.41038614
-254.81,0.35796772,0.40261092
-254.82,0.35116805,0.39487733
-254.83,0.34438034,0.38718648
-254.84,0.33760629,0.37953944
-254.85,0.33084758,0.37193733
-254.86,0.3241059,0.36438123
-254.87,0.31738295,0.35687225
-254.88,0.31068042,0.34941147
-254.89,0.304,0.342
-254.9,0.29734338,0.33463893
-254.91,0.29071225,0.32732935
-254.92,0.2841083,0.32007237
-254.93,0.27753322,0.31286907
-254.94,0.27098871,0.30572056
-254.95,0.26447646,0.29862792
-254.96,0.25799815,0.29159227
-254.97,0.25155548,0.28461468
-254.98,0.24515015,0.27769626
-254.99,0.23878383,0.2708381
-255,0.23245823,0.2640413
